County,State,County FIPS Code,Opioid Dispensing Rate per 100,Year
ANCHORAGE,AK,2020,51.2,2018
FAIRBANKS NORTH STAR,AK,2090,36.8,2018
JUNEAU,AK,2110,54.9,2018
KENAI PENINSULA,AK,2122,76.3,2018
KETCHIKAN GATEWAY,AK,2130,58.6,2018
KODIAK ISLAND,AK,2150,23.2,2018
MATANUSKA SUSITNA,AK,2170,60.8,2018
PETERSBURG,AK,2195,65.0,2018
PRINCE OF WALES HYDER,AK,2198,29.0,2018
SITKA,AK,2220,0.1,2018
VALDEZ CORDOVA,AK,2261,23.6,2018
AUTAUGA,AL,1001,96.7,2018
BALDWIN,AL,1003,93.6,2018
BARBOUR,AL,1005,86.0,2018
BIBB,AL,1007,81.1,2018
BLOUNT,AL,1009,45.4,2018
BULLOCK,AL,1011,24.8,2018
BUTLER,AL,1013,106.0,2018
CALHOUN,AL,1015,129.9,2018
CHAMBERS,AL,1017,117.1,2018
CHEROKEE,AL,1019,129.2,2018
CHILTON,AL,1021,96.0,2018
CHOCTAW,AL,1023,67.4,2018
CLARKE,AL,1025,144.4,2018
CLAY,AL,1027,105.7,2018
CLEBURNE,AL,1029,38.2,2018
COFFEE,AL,1031,114.2,2018
COLBERT,AL,1033,167.0,2018
CONECUH,AL,1035,88.5,2018
COOSA,AL,1037,24.4,2018
COVINGTON,AL,1039,135.1,2018
CRENSHAW,AL,1041,59.8,2018
CULLMAN,AL,1043,126.7,2018
DALE,AL,1045,69.6,2018
DALLAS,AL,1047,82.0,2018
DE KALB,AL,1049,98.2,2018
ELMORE,AL,1051,98.5,2018
ESCAMBIA,AL,1053,137.4,2018
ETOWAH,AL,1055,126.1,2018
FAYETTE,AL,1057,92.2,2018
FRANKLIN,AL,1059,152.3,2018
GENEVA,AL,1061,38.9,2018
GREENE,AL,1063,36.8,2018
HALE,AL,1065,74.6,2018
HENRY,AL,1067,21.3,2018
HOUSTON,AL,1069,127.8,2018
JACKSON,AL,1071,130.5,2018
JEFFERSON,AL,1073,95.8,2018
LAMAR,AL,1075,82.0,2018
LAUDERDALE,AL,1077,100.8,2018
LAWRENCE,AL,1079,88.0,2018
LEE,AL,1081,52.2,2018
LIMESTONE,AL,1083,61.4,2018
MACON,AL,1087,42.4,2018
MADISON,AL,1089,85.4,2018
MARENGO,AL,1091,147.9,2018
MARION,AL,1093,140.2,2018
MARSHALL,AL,1095,151.9,2018
MOBILE,AL,1097,107.6,2018
MONROE,AL,1099,109.8,2018
MONTGOMERY,AL,1101,70.3,2018
MORGAN,AL,1103,108.9,2018
PERRY,AL,1105,0.1,2018
PICKENS,AL,1107,63.4,2018
PIKE,AL,1109,90.1,2018
RANDOLPH,AL,1111,86.0,2018
RUSSELL,AL,1113,92.9,2018
SAINT CLAIR,AL,1115,100.1,2018
SHELBY,AL,1117,81.2,2018
SUMTER,AL,1119,27.8,2018
TALLADEGA,AL,1121,108.5,2018
TALLAPOOSA,AL,1123,93.0,2018
TUSCALOOSA,AL,1125,89.1,2018
WALKER,AL,1127,204.8,2018
WASHINGTON,AL,1129,44.0,2018
WILCOX,AL,1131,50.9,2018
WINSTON,AL,1133,143.4,2018
ARKANSAS,AR,5001,110.4,2018
ASHLEY,AR,5003,100.7,2018
BAXTER,AR,5005,107.3,2018
BENTON,AR,5007,69.1,2018
BOONE,AR,5009,126.0,2018
BRADLEY,AR,5011,97.7,2018
CALHOUN,AR,5013,65.4,2018
CARROLL,AR,5015,70.3,2018
CHICOT,AR,5017,79.5,2018
CLARK,AR,5019,97.4,2018
CLAY,AR,5021,105.9,2018
CLEBURNE,AR,5023,102.7,2018
CLEVELAND,AR,5025,9.7,2018
COLUMBIA,AR,5027,93.9,2018
CONWAY,AR,5029,103.3,2018
CRAIGHEAD,AR,5031,125.8,2018
CRAWFORD,AR,5033,132.1,2018
CRITTENDEN,AR,5035,93.5,2018
CROSS,AR,5037,98.5,2018
DALLAS,AR,5039,74.2,2018
DESHA,AR,5041,102.2,2018
DREW,AR,5043,113.0,2018
FAULKNER,AR,5045,76.0,2018
FRANKLIN,AR,5047,13.7,2018
FULTON,AR,5049,98.9,2018
GARLAND,AR,5051,138.6,2018
GRANT,AR,5053,61.1,2018
GREENE,AR,5055,155.7,2018
HEMPSTEAD,AR,5057,100.9,2018
HOT SPRING,AR,5059,82.6,2018
HOWARD,AR,5061,138.0,2018
INDEPENDENCE,AR,5063,129.3,2018
IZARD,AR,5065,93.4,2018
JACKSON,AR,5067,115.6,2018
JEFFERSON,AR,5069,96.0,2018
JOHNSON,AR,5071,104.3,2018
LAFAYETTE,AR,5073,99.8,2018
LAWRENCE,AR,5075,27.0,2018
LEE,AR,5077,56.4,2018
LINCOLN,AR,5079,50.6,2018
LITTLE RIVER,AR,5081,145.3,2018
LOGAN,AR,5083,27.8,2018
LONOKE,AR,5085,85.5,2018
MADISON,AR,5087,69.5,2018
MARION,AR,5089,56.3,2018
MILLER,AR,5091,94.2,2018
MISSISSIPPI,AR,5093,125.5,2018
MONROE,AR,5095,75.6,2018
MONTGOMERY,AR,5097,74.4,2018
OUACHITA,AR,5103,123.8,2018
PERRY,AR,5105,48.3,2018
PHILLIPS,AR,5107,120.8,2018
PIKE,AR,5109,76.2,2018
POINSETT,AR,5111,109.2,2018
POLK,AR,5113,97.1,2018
POPE,AR,5115,95.3,2018
PRAIRIE,AR,5117,68.9,2018
PULASKI,AR,5119,87.1,2018
RANDOLPH,AR,5121,83.6,2018
SAINT FRANCIS,AR,5123,76.3,2018
SALINE,AR,5125,80.8,2018
SCOTT,AR,5127,110.0,2018
SEARCY,AR,5129,74.3,2018
SEBASTIAN,AR,5131,141.9,2018
SEVIER,AR,5133,43.4,2018
SHARP,AR,5135,116.3,2018
STONE,AR,5137,145.4,2018
UNION,AR,5139,107.1,2018
VAN BUREN,AR,5141,97.8,2018
WASHINGTON,AR,5143,76.2,2018
WHITE,AR,5145,98.6,2018
WOODRUFF,AR,5147,8.1,2018
YELL,AR,5149,55.2,2018
APACHE,AZ,4001,15.9,2018
COCHISE,AZ,4003,60.3,2018
COCONINO,AZ,4005,34.7,2018
GILA,AZ,4007,73.7,2018
GRAHAM,AZ,4009,66.2,2018
LA PAZ,AZ,4012,50.3,2018
MARICOPA,AZ,4013,48.6,2018
MOHAVE,AZ,4015,94.1,2018
NAVAJO,AZ,4017,56.5,2018
PIMA,AZ,4019,56.5,2018
PINAL,AZ,4021,40.2,2018
SANTA CRUZ,AZ,4023,16.6,2018
YAVAPAI,AZ,4025,71.9,2018
YUMA,AZ,4027,37.2,2018
ALAMEDA,CA,6001,22.0,2018
AMADOR,CA,6005,85.1,2018
BUTTE,CA,6007,89.4,2018
CALAVERAS,CA,6009,58.7,2018
COLUSA,CA,6011,30.9,2018
CONTRA COSTA,CA,6013,31.4,2018
DEL NORTE,CA,6015,97.3,2018
EL DORADO,CA,6017,47.2,2018
FRESNO,CA,6019,48.3,2018
GLENN,CA,6021,67.4,2018
HUMBOLDT,CA,6023,67.0,2018
IMPERIAL,CA,6025,44.1,2018
INYO,CA,6027,41.6,2018
KERN,CA,6029,48.5,2018
KINGS,CA,6031,54.5,2018
LAKE,CA,6033,77.3,2018
LASSEN,CA,6035,51.7,2018
LOS ANGELES,CA,6037,27.4,2018
MADERA,CA,6039,37.0,2018
MARIN,CA,6041,28.4,2018
MARIPOSA,CA,6043,47.6,2018
MENDOCINO,CA,6045,81.7,2018
MERCED,CA,6047,47.9,2018
MODOC,CA,6049,50.5,2018
MONO,CA,6051,37.9,2018
MONTEREY,CA,6053,38.2,2018
NAPA,CA,6055,32.1,2018
NEVADA,CA,6057,61.8,2018
ORANGE,CA,6059,33.8,2018
PLACER,CA,6061,49.3,2018
PLUMAS,CA,6063,66.6,2018
RIVERSIDE,CA,6065,39.8,2018
SACRAMENTO,CA,6067,38.2,2018
SAN BENITO,CA,6069,36.1,2018
SAN BERNARDINO,CA,6071,41.6,2018
SAN DIEGO,CA,6073,29.9,2018
SAN FRANCISCO,CA,6075,23.0,2018
SAN JOAQUIN,CA,6077,40.4,2018
SAN LUIS OBISPO,CA,6079,58.6,2018
SAN MATEO,CA,6081,23.8,2018
SANTA BARBARA,CA,6083,42.4,2018
SANTA CLARA,CA,6085,18.3,2018
SANTA CRUZ,CA,6087,41.6,2018
SHASTA,CA,6089,84.3,2018
SIERRA,CA,6091,5.5,2018
SISKIYOU,CA,6093,93.3,2018
SOLANO,CA,6095,31.8,2018
SONOMA,CA,6097,40.1,2018
STANISLAUS,CA,6099,65.6,2018
SUTTER,CA,6101,76.3,2018
TEHAMA,CA,6103,70.8,2018
TRINITY,CA,6105,72.7,2018
TULARE,CA,6107,51.2,2018
TUOLUMNE,CA,6109,85.8,2018
VENTURA,CA,6111,43.9,2018
YOLO,CA,6113,35.7,2018
YUBA,CA,6115,61.7,2018
ADAMS,CO,8001,39.7,2018
ALAMOSA,CO,8003,98.4,2018
ARAPAHOE,CO,8005,44.0,2018
ARCHULETA,CO,8007,59.1,2018
BACA,CO,8009,67.6,2018
BENT,CO,8011,34.3,2018
BOULDER,CO,8013,37.0,2018
BROOMFIELD,CO,8014,41.1,2018
CHAFFEE,CO,8015,71.9,2018
CHEYENNE,CO,8017,48.6,2018
CLEAR CREEK,CO,8019,27.3,2018
CONEJOS,CO,8021,0.0,2018
CROWLEY,CO,8025,23.1,2018
DELTA,CO,8029,65.6,2018
DENVER,CO,8031,29.2,2018
DOUGLAS,CO,8035,41.7,2018
EAGLE,CO,8037,33.4,2018
EL PASO,CO,8041,51.9,2018
ELBERT,CO,8039,27.4,2018
FREMONT,CO,8043,55.9,2018
GARFIELD,CO,8045,51.0,2018
GRAND,CO,8049,33.5,2018
GUNNISON,CO,8051,36.7,2018
HUERFANO,CO,8055,74.1,2018
JEFFERSON,CO,8059,53.2,2018
KIOWA,CO,8061,93.2,2018
KIT CARSON,CO,8063,45.0,2018
LA PLATA,CO,8067,42.5,2018
LAKE,CO,8065,39.2,2018
LARIMER,CO,8069,44.8,2018
LAS ANIMAS,CO,8071,100.8,2018
LINCOLN,CO,8073,34.2,2018
LOGAN,CO,8075,68.9,2018
MESA,CO,8077,59.5,2018
MOFFAT,CO,8081,75.8,2018
MONTEZUMA,CO,8083,63.8,2018
MONTROSE,CO,8085,65.8,2018
MORGAN,CO,8087,50.5,2018
OTERO,CO,8089,84.2,2018
OURAY,CO,8091,1.5,2018
PITKIN,CO,8097,17.9,2018
PROWERS,CO,8099,55.6,2018
PUEBLO,CO,8101,83.4,2018
RIO BLANCO,CO,8103,26.1,2018
RIO GRANDE,CO,8105,62.3,2018
ROUTT,CO,8107,40.0,2018
SAN MIGUEL,CO,8113,20.3,2018
SUMMIT,CO,8117,45.9,2018
TELLER,CO,8119,74.9,2018
WELD,CO,8123,40.6,2018
YUMA,CO,8125,47.0,2018
FAIRFIELD,CT,9001,33.8,2018
HARTFORD,CT,9003,43.3,2018
LITCHFIELD,CT,9005,47.0,2018
MIDDLESEX,CT,9007,49.6,2018
NEW HAVEN,CT,9009,48.6,2018
NEW LONDON,CT,9011,48.5,2018
TOLLAND,CT,9013,37.8,2018
WINDHAM,CT,9015,54.4,2018
DISTRICT OF COLUMBIA,DC,11001,25.0,2018
KENT,DE,10001,58.6,2018
NEW CASTLE,DE,10003,57.5,2018
SUSSEX,DE,10005,69.8,2018
ALACHUA,FL,12001,57.8,2018
BAKER,FL,12003,89.0,2018
BAY,FL,12005,97.5,2018
BRADFORD,FL,12007,70.4,2018
BREVARD,FL,12009,74.2,2018
BROWARD,FL,12011,39.0,2018
CALHOUN,FL,12013,65.8,2018
CHARLOTTE,FL,12015,66.5,2018
CITRUS,FL,12017,89.9,2018
CLAY,FL,12019,69.9,2018
COLLIER,FL,12021,45.4,2018
COLUMBIA,FL,12023,94.9,2018
DE SOTO,FL,12027,47.0,2018
DIXIE,FL,12029,39.1,2018
DUVAL,FL,12031,70.9,2018
ESCAMBIA,FL,12033,89.4,2018
FLAGLER,FL,12035,66.2,2018
FRANKLIN,FL,12037,55.6,2018
GADSDEN,FL,12039,46.0,2018
GILCHRIST,FL,12041,37.1,2018
GLADES,FL,12043,3.8,2018
GULF,FL,12045,81.2,2018
HAMILTON,FL,12047,33.8,2018
HARDEE,FL,12049,31.5,2018
HENDRY,FL,12051,56.0,2018
HERNANDO,FL,12053,91.9,2018
HIGHLANDS,FL,12055,65.7,2018
HILLSBOROUGH,FL,12057,52.6,2018
HOLMES,FL,12059,70.9,2018
INDIAN RIVER,FL,12061,81.2,2018
JACKSON,FL,12063,91.0,2018
JEFFERSON,FL,12065,39.9,2018
LAFAYETTE,FL,12067,42.3,2018
LAKE,FL,12069,65.0,2018
LEE,FL,12071,55.1,2018
LEON,FL,12073,57.0,2018
LEVY,FL,12075,86.1,2018
LIBERTY,FL,12077,33.3,2018
MADISON,FL,12079,71.6,2018
MANATEE,FL,12081,62.4,2018
MARION,FL,12083,73.2,2018
MARTIN,FL,12085,64.8,2018
MIAMI-DADE,FL,12086,24.1,2018
MONROE,FL,12087,64.9,2018
NASSAU,FL,12089,86.2,2018
OKALOOSA,FL,12091,65.9,2018
OKEECHOBEE,FL,12093,86.3,2018
ORANGE,FL,12095,36.0,2018
OSCEOLA,FL,12097,39.8,2018
PALM BEACH,FL,12099,48.3,2018
PASCO,FL,12101,71.2,2018
PINELLAS,FL,12103,67.2,2018
POLK,FL,12105,58.8,2018
PUTNAM,FL,12107,87.5,2018
SAINT JOHNS,FL,12109,51.2,2018
SAINT LUCIE,FL,12111,54.8,2018
SANTA ROSA,FL,12113,77.4,2018
SARASOTA,FL,12115,65.8,2018
SEMINOLE,FL,12117,45.8,2018
SUMTER,FL,12119,65.6,2018
SUWANNEE,FL,12121,72.2,2018
TAYLOR,FL,12123,103.3,2018
UNION,FL,12125,46.8,2018
VOLUSIA,FL,12127,64.3,2018
WAKULLA,FL,12129,67.8,2018
WALTON,FL,12131,74.8,2018
WASHINGTON,FL,12133,108.9,2018
APPLING,GA,13001,103.3,2018
ATKINSON,GA,13003,56.8,2018
BACON,GA,13005,172.7,2018
BALDWIN,GA,13009,81.1,2018
BANKS,GA,13011,39.5,2018
BARROW,GA,13013,68.4,2018
BARTOW,GA,13015,87.4,2018
BEN HILL,GA,13017,162.5,2018
BERRIEN,GA,13019,47.3,2018
BIBB,GA,13021,107.2,2018
BLECKLEY,GA,13023,110.5,2018
BRANTLEY,GA,13025,47.5,2018
BROOKS,GA,13027,87.6,2018
BRYAN,GA,13029,69.0,2018
BULLOCH,GA,13031,68.6,2018
BURKE,GA,13033,66.5,2018
BUTTS,GA,13035,68.1,2018
CALHOUN,GA,13037,0.1,2018
CAMDEN,GA,13039,54.4,2018
CANDLER,GA,13043,135.1,2018
CARROLL,GA,13045,100.3,2018
CATOOSA,GA,13047,91.8,2018
CHARLTON,GA,13049,87.2,2018
CHATHAM,GA,13051,69.1,2018
CHATTOOGA,GA,13055,106.2,2018
CHEROKEE,GA,13057,56.4,2018
CLARKE,GA,13059,81.2,2018
CLAY,GA,13061,32.3,2018
CLAYTON,GA,13063,34.1,2018
CLINCH,GA,13065,132.3,2018
COBB,GA,13067,47.1,2018
COFFEE,GA,13069,155.4,2018
COLQUITT,GA,13071,80.1,2018
COLUMBIA,GA,13073,62.8,2018
COOK,GA,13075,97.7,2018
COWETA,GA,13077,68.2,2018
CRAWFORD,GA,13079,6.3,2018
CRISP,GA,13081,160.7,2018
DADE,GA,13083,51.1,2018
DAWSON,GA,13085,130.8,2018
DECATUR,GA,13087,109.1,2018
DEKALB,GA,13089,35.4,2018
DODGE,GA,13091,73.0,2018
DOOLY,GA,13093,0.0,2018
DOUGHERTY,GA,13095,90.4,2018
DOUGLAS,GA,13097,75.4,2018
EARLY,GA,13099,108.6,2018
EFFINGHAM,GA,13103,62.0,2018
ELBERT,GA,13105,130.6,2018
EMANUEL,GA,13107,95.9,2018
EVANS,GA,13109,90.6,2018
FANNIN,GA,13111,122.1,2018
FAYETTE,GA,13113,74.5,2018
FLOYD,GA,13115,121.8,2018
FORSYTH,GA,13117,41.3,2018
FRANKLIN,GA,13119,112.4,2018
FULTON,GA,13121,38.3,2018
GILMER,GA,13123,112.7,2018
GLYNN,GA,13127,78.2,2018
GORDON,GA,13129,95.6,2018
GRADY,GA,13131,66.5,2018
GREENE,GA,13133,104.3,2018
GWINNETT,GA,13135,38.1,2018
HABERSHAM,GA,13137,87.2,2018
HALL,GA,13139,77.6,2018
HANCOCK,GA,13141,37.7,2018
HARALSON,GA,13143,158.1,2018
HARRIS,GA,13145,5.7,2018
HART,GA,13147,90.7,2018
HEARD,GA,13149,0.0,2018
HENRY,GA,13151,63.3,2018
HOUSTON,GA,13153,76.8,2018
IRWIN,GA,13155,59.7,2018
JACKSON,GA,13157,97.4,2018
JASPER,GA,13159,47.7,2018
JEFF DAVIS,GA,13161,72.5,2018
JEFFERSON,GA,13163,91.3,2018
JENKINS,GA,13165,16.9,2018
JONES,GA,13169,45.5,2018
LAMAR,GA,13171,67.1,2018
LANIER,GA,13173,66.4,2018
LAURENS,GA,13175,100.6,2018
LEE,GA,13177,40.4,2018
LIBERTY,GA,13179,46.5,2018
LINCOLN,GA,13181,30.1,2018
LOWNDES,GA,13185,83.5,2018
LUMPKIN,GA,13187,66.9,2018
MACON,GA,13193,68.9,2018
MADISON,GA,13195,77.1,2018
MARION,GA,13197,16.6,2018
MCDUFFIE,GA,13189,118.5,2018
MCINTOSH,GA,13191,45.4,2018
MERIWETHER,GA,13199,71.9,2018
MILLER,GA,13201,90.4,2018
MITCHELL,GA,13205,90.6,2018
MONROE,GA,13207,59.7,2018
MONTGOMERY,GA,13209,30.8,2018
MORGAN,GA,13211,62.0,2018
MURRAY,GA,13213,76.5,2018
MUSCOGEE,GA,13215,75.7,2018
NEWTON,GA,13217,66.3,2018
OCONEE,GA,13219,55.7,2018
OGLETHORPE,GA,13221,33.1,2018
PAULDING,GA,13223,46.4,2018
PEACH,GA,13225,71.9,2018
PICKENS,GA,13227,101.9,2018
PIERCE,GA,13229,55.4,2018
PIKE,GA,13231,10.0,2018
POLK,GA,13233,138.5,2018
PULASKI,GA,13235,82.6,2018
PUTNAM,GA,13237,53.7,2018
RABUN,GA,13241,144.7,2018
RANDOLPH,GA,13243,109.5,2018
RICHMOND,GA,13245,64.3,2018
ROCKDALE,GA,13247,67.5,2018
SCHLEY,GA,13249,0.0,2018
SCREVEN,GA,13251,59.4,2018
SEMINOLE,GA,13253,155.3,2018
SPALDING,GA,13255,109.4,2018
STEPHENS,GA,13257,146.4,2018
STEWART,GA,13259,52.2,2018
SUMTER,GA,13261,99.7,2018
TATTNALL,GA,13267,69.3,2018
TAYLOR,GA,13269,76.0,2018
TELFAIR,GA,13271,60.8,2018
TERRELL,GA,13273,30.7,2018
THOMAS,GA,13275,97.7,2018
TIFT,GA,13277,125.0,2018
TOOMBS,GA,13279,109.9,2018
TOWNS,GA,13281,81.8,2018
TREUTLEN,GA,13283,59.4,2018
TROUP,GA,13285,87.0,2018
TURNER,GA,13287,84.2,2018
TWIGGS,GA,13289,0.0,2018
UNION,GA,13291,95.2,2018
UPSON,GA,13293,135.3,2018
WALKER,GA,13295,42.0,2018
WALTON,GA,13297,86.7,2018
WARE,GA,13299,194.8,2018
WASHINGTON,GA,13303,69.9,2018
WAYNE,GA,13305,115.5,2018
WEBSTER,GA,13307,62.0,2018
WHEELER,GA,13309,10.2,2018
WHITE,GA,13311,83.6,2018
WHITFIELD,GA,13313,75.7,2018
WILCOX,GA,13315,0.0,2018
WILKES,GA,13317,109.0,2018
WILKINSON,GA,13319,73.7,2018
WORTH,GA,13321,78.8,2018
HAWAII,HI,15001,53.6,2018
HONOLULU,HI,15003,26.9,2018
KAUAI,HI,15007,40.0,2018
MAUI,HI,15009,44.5,2018
ADAIR,IA,19001,36.7,2018
ADAMS,IA,19003,53.7,2018
ALLAMAKEE,IA,19005,26.3,2018
APPANOOSE,IA,19007,90.4,2018
AUDUBON,IA,19009,67.1,2018
BENTON,IA,19011,7.9,2018
BLACK HAWK,IA,19013,58.9,2018
BOONE,IA,19015,47.7,2018
BREMER,IA,19017,37.4,2018
BUCHANAN,IA,19019,29.0,2018
BUENA VISTA,IA,19021,32.2,2018
BUTLER,IA,19023,15.7,2018
CALHOUN,IA,19025,61.8,2018
CARROLL,IA,19027,73.9,2018
CASS,IA,19029,79.2,2018
CEDAR,IA,19031,15.7,2018
CERRO GORDO,IA,19033,65.4,2018
CHEROKEE,IA,19035,31.3,2018
CHICKASAW,IA,19037,18.6,2018
CLARKE,IA,19039,79.5,2018
CLAY,IA,19041,89.8,2018
CLAYTON,IA,19043,14.3,2018
CLINTON,IA,19045,63.6,2018
CRAWFORD,IA,19047,49.4,2018
DALLAS,IA,19049,19.8,2018
DAVIS,IA,19051,36.1,2018
DECATUR,IA,19053,54.2,2018
DELAWARE,IA,19055,39.2,2018
DES MOINES,IA,19057,75.4,2018
DICKINSON,IA,19059,64.5,2018
DUBUQUE,IA,19061,50.2,2018
EMMET,IA,19063,45.7,2018
FAYETTE,IA,19065,53.8,2018
FLOYD,IA,19067,48.2,2018
FREMONT,IA,19071,33.0,2018
GREENE,IA,19073,70.8,2018
GRUNDY,IA,19075,35.0,2018
GUTHRIE,IA,19077,36.5,2018
HAMILTON,IA,19079,50.4,2018
HARDIN,IA,19083,57.7,2018
HARRISON,IA,19085,46.9,2018
HENRY,IA,19087,54.7,2018
HOWARD,IA,19089,23.9,2018
HUMBOLDT,IA,19091,47.0,2018
IDA,IA,19093,62.8,2018
IOWA,IA,19095,28.0,2018
JACKSON,IA,19097,28.2,2018
JASPER,IA,19099,51.0,2018
JEFFERSON,IA,19101,72.6,2018
JOHNSON,IA,19103,24.8,2018
JONES,IA,19105,25.8,2018
KOSSUTH,IA,19109,31.3,2018
LEE,IA,19111,94.0,2018
LINN,IA,19113,46.5,2018
LOUISA,IA,19115,19.6,2018
LUCAS,IA,19117,77.0,2018
LYON,IA,19119,22.2,2018
MADISON,IA,19121,62.9,2018
MAHASKA,IA,19123,60.8,2018
MARION,IA,19125,52.1,2018
MARSHALL,IA,19127,57.2,2018
MILLS,IA,19129,39.6,2018
MITCHELL,IA,19131,24.6,2018
MONONA,IA,19133,80.8,2018
MONROE,IA,19135,66.1,2018
MONTGOMERY,IA,19137,101.8,2018
MUSCATINE,IA,19139,48.8,2018
OBRIEN,IA,19141,51.6,2018
OSCEOLA,IA,19143,28.8,2018
PAGE,IA,19145,88.2,2018
PALO ALTO,IA,19147,27.8,2018
PLYMOUTH,IA,19149,39.6,2018
POCAHONTAS,IA,19151,47.7,2018
POLK,IA,19153,58.5,2018
POTTAWATTAMIE,IA,19155,68.6,2018
POWESHIEK,IA,19157,44.4,2018
RINGGOLD,IA,19159,60.7,2018
SAC,IA,19161,15.6,2018
SCOTT,IA,19163,55.2,2018
SHELBY,IA,19165,48.5,2018
SIOUX,IA,19167,21.2,2018
STORY,IA,19169,31.8,2018
TAMA,IA,19171,26.9,2018
UNION,IA,19175,104.5,2018
VAN BUREN,IA,19177,24.9,2018
WAPELLO,IA,19179,76.2,2018
WARREN,IA,19181,41.9,2018
WASHINGTON,IA,19183,39.2,2018
WAYNE,IA,19185,56.0,2018
WEBSTER,IA,19187,65.3,2018
WINNEBAGO,IA,19189,46.2,2018
WINNESHIEK,IA,19191,38.4,2018
WOODBURY,IA,19193,61.7,2018
WORTH,IA,19195,0.1,2018
WRIGHT,IA,19197,41.5,2018
ADA,ID,16001,53.8,2018
BANNOCK,ID,16005,82.4,2018
BEAR LAKE,ID,16007,97.3,2018
BENEWAH,ID,16009,72.2,2018
BINGHAM,ID,16011,56.6,2018
BLAINE,ID,16013,36.8,2018
BONNER,ID,16017,53.6,2018
BONNEVILLE,ID,16019,75.6,2018
BOUNDARY,ID,16021,86.1,2018
BUTTE,ID,16023,75.0,2018
CANYON,ID,16027,58.8,2018
CARIBOU,ID,16029,97.5,2018
CASSIA,ID,16031,82.4,2018
CLEARWATER,ID,16035,75.8,2018
CUSTER,ID,16037,20.5,2018
ELMORE,ID,16039,56.9,2018
FRANKLIN,ID,16041,63.4,2018
FREMONT,ID,16043,28.8,2018
GEM,ID,16045,91.1,2018
GOODING,ID,16047,44.5,2018
IDAHO,ID,16049,38.2,2018
JEFFERSON,ID,16051,33.3,2018
JEROME,ID,16053,56.8,2018
KOOTENAI,ID,16055,76.9,2018
LATAH,ID,16057,49.7,2018
LEMHI,ID,16059,84.4,2018
LEWIS,ID,16061,0.3,2018
LINCOLN,ID,16063,18.2,2018
MADISON,ID,16065,44.0,2018
MINIDOKA,ID,16067,26.3,2018
NEZ PERCE,ID,16069,107.3,2018
ONEIDA,ID,16071,87.6,2018
OWYHEE,ID,16073,27.2,2018
PAYETTE,ID,16075,41.9,2018
POWER,ID,16077,56.2,2018
SHOSHONE,ID,16079,77.1,2018
TETON,ID,16081,47.2,2018
TWIN FALLS,ID,16083,83.9,2018
VALLEY,ID,16085,69.0,2018
WASHINGTON,ID,16087,83.2,2018
ADAMS,IL,17001,95.5,2018
BOND,IL,17005,41.9,2018
BOONE,IL,17007,40.4,2018
BROWN,IL,17009,0.1,2018
BUREAU,IL,17011,26.5,2018
CALHOUN,IL,17013,0.0,2018
CARROLL,IL,17015,30.1,2018
CASS,IL,17017,17.5,2018
CHAMPAIGN,IL,17019,51.5,2018
CHRISTIAN,IL,17021,62.9,2018
CLARK,IL,17023,51.0,2018
CLAY,IL,17025,55.3,2018
CLINTON,IL,17027,25.9,2018
COLES,IL,17029,76.0,2018
COOK,IL,17031,32.5,2018
CRAWFORD,IL,17033,21.0,2018
DE WITT,IL,17039,63.2,2018
DEKALB,IL,17037,48.7,2018
DOUGLAS,IL,17041,25.8,2018
DUPAGE,IL,17043,37.9,2018
EDGAR,IL,17045,66.2,2018
EDWARDS,IL,17047,70.1,2018
EFFINGHAM,IL,17049,54.2,2018
FAYETTE,IL,17051,48.3,2018
FORD,IL,17053,0.0,2018
FRANKLIN,IL,17055,106.1,2018
FULTON,IL,17057,69.8,2018
GALLATIN,IL,17059,30.0,2018
GREENE,IL,17061,0.1,2018
GRUNDY,IL,17063,73.6,2018
HANCOCK,IL,17067,16.7,2018
HARDIN,IL,17069,206.7,2018
HENRY,IL,17073,49.1,2018
IROQUOIS,IL,17075,47.5,2018
JACKSON,IL,17077,77.8,2018
JASPER,IL,17079,34.2,2018
JEFFERSON,IL,17081,89.3,2018
JERSEY,IL,17083,100.3,2018
JO DAVIESS,IL,17085,17.9,2018
JOHNSON,IL,17087,24.5,2018
KANE,IL,17089,33.6,2018
KANKAKEE,IL,17091,66.6,2018
KENDALL,IL,17093,41.9,2018
KNOX,IL,17095,85.0,2018
LA SALLE,IL,17099,70.6,2018
LAKE,IL,17097,42.3,2018
LAWRENCE,IL,17101,74.9,2018
LEE,IL,17103,58.9,2018
LIVINGSTON,IL,17105,63.6,2018
LOGAN,IL,17107,61.7,2018
MACON,IL,17115,76.1,2018
MACOUPIN,IL,17117,30.1,2018
MADISON,IL,17119,85.7,2018
MARION,IL,17121,107.2,2018
MARSHALL,IL,17123,40.7,2018
MASON,IL,17125,42.3,2018
MASSAC,IL,17127,131.4,2018
MCDONOUGH,IL,17109,66.9,2018
MCHENRY,IL,17111,52.1,2018
MCLEAN,IL,17113,46.4,2018
MENARD,IL,17129,20.4,2018
MERCER,IL,17131,15.4,2018
MONROE,IL,17133,65.4,2018
MONTGOMERY,IL,17135,95.5,2018
MORGAN,IL,17137,96.7,2018
MOULTRIE,IL,17139,27.7,2018
OGLE,IL,17141,19.7,2018
PEORIA,IL,17143,60.2,2018
PERRY,IL,17145,40.8,2018
PIATT,IL,17147,22.9,2018
PIKE,IL,17149,38.5,2018
POPE,IL,17151,5.5,2018
PULASKI,IL,17153,54.9,2018
PUTNAM,IL,17155,24.3,2018
RANDOLPH,IL,17157,51.5,2018
RICHLAND,IL,17159,76.1,2018
ROCK ISLAND,IL,17161,66.3,2018
SAINT CLAIR,IL,17163,59.8,2018
SALINE,IL,17165,177.0,2018
SANGAMON,IL,17167,73.9,2018
SCHUYLER,IL,17169,31.4,2018
SHELBY,IL,17173,29.1,2018
STEPHENSON,IL,17177,68.4,2018
TAZEWELL,IL,17179,72.8,2018
UNION,IL,17181,119.6,2018
VERMILION,IL,17183,71.9,2018
WABASH,IL,17185,68.5,2018
WARREN,IL,17187,60.7,2018
WASHINGTON,IL,17189,28.4,2018
WAYNE,IL,17191,64.3,2018
WHITE,IL,17193,75.6,2018
WHITESIDE,IL,17195,47.4,2018
WILL,IL,17197,44.8,2018
WILLIAMSON,IL,17199,121.5,2018
WINNEBAGO,IL,17201,77.4,2018
WOODFORD,IL,17203,24.1,2018
ADAMS,IN,18001,50.8,2018
ALLEN,IN,18003,58.2,2018
BARTHOLOMEW,IN,18005,72.0,2018
BENTON,IN,18007,16.8,2018
BLACKFORD,IN,18009,69.2,2018
BOONE,IN,18011,51.7,2018
BROWN,IN,18013,29.6,2018
CARROLL,IN,18015,19.2,2018
CASS,IN,18017,56.5,2018
CLARK,IN,18019,84.5,2018
CLAY,IN,18021,71.9,2018
CLINTON,IN,18023,51.0,2018
CRAWFORD,IN,18025,40.1,2018
DAVIESS,IN,18027,65.1,2018
DE KALB,IN,18033,50.1,2018
DEARBORN,IN,18029,77.9,2018
DECATUR,IN,18031,52.0,2018
DELAWARE,IN,18035,81.0,2018
DUBOIS,IN,18037,84.3,2018
ELKHART,IN,18039,51.3,2018
FAYETTE,IN,18041,96.7,2018
FLOYD,IN,18043,104.6,2018
FOUNTAIN,IN,18045,83.6,2018
FRANKLIN,IN,18047,38.1,2018
FULTON,IN,18049,82.3,2018
GIBSON,IN,18051,79.2,2018
GRANT,IN,18053,82.3,2018
GREENE,IN,18055,64.9,2018
HAMILTON,IN,18057,42.1,2018
HANCOCK,IN,18059,61.9,2018
HARRISON,IN,18061,80.2,2018
HENDRICKS,IN,18063,58.7,2018
HENRY,IN,18065,82.7,2018
HOWARD,IN,18067,102.5,2018
HUNTINGTON,IN,18069,63.4,2018
JACKSON,IN,18071,59.8,2018
JASPER,IN,18073,102.5,2018
JAY,IN,18075,72.8,2018
JEFFERSON,IN,18077,89.6,2018
JENNINGS,IN,18079,75.8,2018
JOHNSON,IN,18081,68.3,2018
KNOX,IN,18083,99.4,2018
KOSCIUSKO,IN,18085,54.7,2018
LA PORTE,IN,18091,78.7,2018
LAGRANGE,IN,18087,16.9,2018
LAKE,IN,18089,66.8,2018
LAWRENCE,IN,18093,104.9,2018
MADISON,IN,18095,87.1,2018
MARION,IN,18097,56.7,2018
MARSHALL,IN,18099,68.7,2018
MARTIN,IN,18101,80.0,2018
MIAMI,IN,18103,52.3,2018
MONROE,IN,18105,55.4,2018
MONTGOMERY,IN,18107,77.3,2018
MORGAN,IN,18109,90.4,2018
NEWTON,IN,18111,17.8,2018
NOBLE,IN,18113,60.7,2018
OHIO,IN,18115,0.1,2018
ORANGE,IN,18117,75.5,2018
OWEN,IN,18119,62.7,2018
PARKE,IN,18121,35.4,2018
PERRY,IN,18123,78.5,2018
PIKE,IN,18125,70.7,2018
PORTER,IN,18127,77.0,2018
POSEY,IN,18129,52.6,2018
PULASKI,IN,18131,46.6,2018
PUTNAM,IN,18133,48.6,2018
RANDOLPH,IN,18135,60.6,2018
RIPLEY,IN,18137,90.7,2018
RUSH,IN,18139,56.0,2018
SAINT JOSEPH,IN,18141,60.2,2018
SCOTT,IN,18143,114.3,2018
SHELBY,IN,18145,60.0,2018
SPENCER,IN,18147,26.6,2018
STARKE,IN,18149,91.1,2018
STEUBEN,IN,18151,65.4,2018
SULLIVAN,IN,18153,65.7,2018
SWITZERLAND,IN,18155,36.1,2018
TIPPECANOE,IN,18157,51.9,2018
TIPTON,IN,18159,40.2,2018
UNION,IN,18161,43.5,2018
VANDERBURGH,IN,18163,111.0,2018
VERMILLION,IN,18165,69.1,2018
VIGO,IN,18167,77.6,2018
WABASH,IN,18169,73.2,2018
WARRICK,IN,18173,67.8,2018
WASHINGTON,IN,18175,69.0,2018
WAYNE,IN,18177,81.8,2018
WELLS,IN,18179,60.8,2018
WHITE,IN,18181,65.2,2018
WHITLEY,IN,18183,69.8,2018
ALLEN,KS,20001,130.8,2018
ATCHISON,KS,20005,84.5,2018
BARBER,KS,20007,0.0,2018
BARTON,KS,20009,97.0,2018
BOURBON,KS,20011,88.9,2018
BROWN,KS,20013,36.6,2018
BUTLER,KS,20015,90.5,2018
CHEROKEE,KS,20021,31.2,2018
CHEYENNE,KS,20023,105.8,2018
CLARK,KS,20025,0.0,2018
CLAY,KS,20027,76.7,2018
CLOUD,KS,20029,33.6,2018
COFFEY,KS,20031,85.8,2018
COWLEY,KS,20035,86.2,2018
CRAWFORD,KS,20037,79.3,2018
DECATUR,KS,20039,63.0,2018
DICKINSON,KS,20041,0.0,2018
DOUGLAS,KS,20045,52.3,2018
EDWARDS,KS,20047,71.1,2018
ELK,KS,20049,0.0,2018
ELLIS,KS,20051,91.8,2018
ELLSWORTH,KS,20053,73.0,2018
FINNEY,KS,20055,61.6,2018
FORD,KS,20057,68.5,2018
FRANKLIN,KS,20059,87.7,2018
GEARY,KS,20061,57.8,2018
GOVE,KS,20063,0.2,2018
GRAHAM,KS,20065,0.1,2018
GRANT,KS,20067,53.0,2018
GRAY,KS,20069,15.4,2018
GREELEY,KS,20071,102.3,2018
HAMILTON,KS,20075,38.8,2018
HARPER,KS,20077,65.8,2018
HARVEY,KS,20079,76.8,2018
HASKELL,KS,20081,0.1,2018
JACKSON,KS,20085,39.0,2018
JEFFERSON,KS,20087,2.1,2018
JOHNSON,KS,20091,54.1,2018
KEARNY,KS,20093,34.8,2018
KIOWA,KS,20097,68.4,2018
LABETTE,KS,20099,92.4,2018
LANE,KS,20101,73.0,2018
LEAVENWORTH,KS,20103,34.9,2018
LINN,KS,20107,0.1,2018
LOGAN,KS,20109,68.1,2018
LYON,KS,20111,61.1,2018
MARION,KS,20115,26.6,2018
MARSHALL,KS,20117,24.6,2018
MCPHERSON,KS,20113,73.0,2018
MEADE,KS,20119,0.1,2018
MIAMI,KS,20121,34.5,2018
MITCHELL,KS,20123,87.2,2018
MONTGOMERY,KS,20125,103.1,2018
MORRIS,KS,20127,0.1,2018
MORTON,KS,20129,105.3,2018
NEMAHA,KS,20131,23.4,2018
NEOSHO,KS,20133,87.5,2018
NESS,KS,20135,107.7,2018
NORTON,KS,20137,81.8,2018
OSAGE,KS,20139,0.0,2018
OSBORNE,KS,20141,147.1,2018
OTTAWA,KS,20143,0.0,2018
PAWNEE,KS,20145,35.3,2018
POTTAWATOMIE,KS,20149,0.0,2018
PRATT,KS,20151,137.6,2018
RENO,KS,20155,84.4,2018
REPUBLIC,KS,20157,0.1,2018
RICE,KS,20159,32.2,2018
RILEY,KS,20161,59.1,2018
ROOKS,KS,20163,0.1,2018
RUSH,KS,20165,50.7,2018
RUSSELL,KS,20167,0.0,2018
SALINE,KS,20169,118.3,2018
SCOTT,KS,20171,87.9,2018
SEDGWICK,KS,20173,84.8,2018
SEWARD,KS,20175,91.8,2018
SHAWNEE,KS,20177,78.8,2018
SHERMAN,KS,20181,65.8,2018
SMITH,KS,20183,109.1,2018
STANTON,KS,20187,90.6,2018
STEVENS,KS,20189,20.2,2018
SUMNER,KS,20191,53.5,2018
THOMAS,KS,20193,84.3,2018
TREGO,KS,20195,122.5,2018
WALLACE,KS,20199,37.6,2018
WASHINGTON,KS,20201,83.2,2018
WILSON,KS,20205,80.1,2018
WYANDOTTE,KS,20209,57.2,2018
ADAIR,KY,21001,92.1,2018
ALLEN,KY,21003,72.2,2018
ANDERSON,KY,21005,67.8,2018
BALLARD,KY,21007,85.6,2018
BARREN,KY,21009,104.3,2018
BATH,KY,21011,39.0,2018
BELL,KY,21013,197.9,2018
BOONE,KY,21015,73.2,2018
BOURBON,KY,21017,78.8,2018
BOYD,KY,21019,71.9,2018
BOYLE,KY,21021,92.5,2018
BRACKEN,KY,21023,15.0,2018
BREATHITT,KY,21025,151.6,2018
BRECKINRIDGE,KY,21027,42.4,2018
BULLITT,KY,21029,59.0,2018
BUTLER,KY,21031,70.4,2018
CALDWELL,KY,21033,116.8,2018
CALLOWAY,KY,21035,77.8,2018
CAMPBELL,KY,21037,70.3,2018
CARLISLE,KY,21039,90.2,2018
CARROLL,KY,21041,122.4,2018
CARTER,KY,21043,58.0,2018
CASEY,KY,21045,72.1,2018
CHRISTIAN,KY,21047,47.1,2018
CLARK,KY,21049,83.1,2018
CLAY,KY,21051,167.3,2018
CLINTON,KY,21053,115.4,2018
CRITTENDEN,KY,21055,88.9,2018
CUMBERLAND,KY,21057,127.2,2018
DAVIESS,KY,21059,82.5,2018
EDMONSON,KY,21061,62.6,2018
ELLIOTT,KY,21063,31.0,2018
ESTILL,KY,21065,124.4,2018
FAYETTE,KY,21067,47.6,2018
FLEMING,KY,21069,55.1,2018
FLOYD,KY,21071,205.3,2018
FRANKLIN,KY,21073,74.1,2018
FULTON,KY,21075,156.0,2018
GALLATIN,KY,21077,30.7,2018
GARRARD,KY,21079,34.6,2018
GRANT,KY,21081,87.0,2018
GRAVES,KY,21083,86.1,2018
GRAYSON,KY,21085,115.8,2018
GREEN,KY,21087,61.4,2018
GREENUP,KY,21089,61.6,2018
HANCOCK,KY,21091,24.4,2018
HARDIN,KY,21093,77.8,2018
HARLAN,KY,21095,110.4,2018
HARRISON,KY,21097,74.0,2018
HART,KY,21099,55.3,2018
HENDERSON,KY,21101,112.8,2018
HENRY,KY,21103,50.5,2018
HICKMAN,KY,21105,58.7,2018
HOPKINS,KY,21107,121.2,2018
JACKSON,KY,21109,45.5,2018
JEFFERSON,KY,21111,69.8,2018
JESSAMINE,KY,21113,68.6,2018
JOHNSON,KY,21115,148.3,2018
KENTON,KY,21117,59.3,2018
KNOTT,KY,21119,66.4,2018
KNOX,KY,21121,78.6,2018
LARUE,KY,21123,64.7,2018
LAUREL,KY,21125,83.0,2018
LAWRENCE,KY,21127,86.4,2018
LEE,KY,21129,125.6,2018
LESLIE,KY,21131,161.8,2018
LETCHER,KY,21133,116.8,2018
LEWIS,KY,21135,17.8,2018
LINCOLN,KY,21137,53.1,2018
LIVINGSTON,KY,21139,0.0,2018
LOGAN,KY,21141,97.3,2018
LYON,KY,21143,101.6,2018
MADISON,KY,21151,67.7,2018
MAGOFFIN,KY,21153,131.2,2018
MARION,KY,21155,81.5,2018
MARSHALL,KY,21157,99.4,2018
MARTIN,KY,21159,123.2,2018
MASON,KY,21161,86.8,2018
MCCRACKEN,KY,21145,149.9,2018
MCCREARY,KY,21147,97.3,2018
MCLEAN,KY,21149,68.6,2018
MEADE,KY,21163,48.6,2018
MENIFEE,KY,21165,34.3,2018
MERCER,KY,21167,73.4,2018
METCALFE,KY,21169,60.8,2018
MONROE,KY,21171,92.2,2018
MONTGOMERY,KY,21173,118.2,2018
MORGAN,KY,21175,79.2,2018
MUHLENBERG,KY,21177,104.9,2018
NELSON,KY,21179,79.0,2018
NICHOLAS,KY,21181,26.1,2018
OHIO,KY,21183,92.1,2018
OLDHAM,KY,21185,46.6,2018
OWEN,KY,21187,39.3,2018
OWSLEY,KY,21189,241.8,2018
PENDLETON,KY,21191,45.2,2018
PERRY,KY,21193,203.6,2018
PIKE,KY,21195,180.7,2018
POWELL,KY,21197,133.0,2018
PULASKI,KY,21199,79.8,2018
ROCKCASTLE,KY,21203,60.2,2018
ROWAN,KY,21205,81.7,2018
RUSSELL,KY,21207,101.9,2018
SCOTT,KY,21209,63.1,2018
SHELBY,KY,21211,58.4,2018
SIMPSON,KY,21213,81.9,2018
SPENCER,KY,21215,35.4,2018
TAYLOR,KY,21217,85.2,2018
TODD,KY,21219,0.0,2018
TRIGG,KY,21221,65.9,2018
TRIMBLE,KY,21223,50.2,2018
UNION,KY,21225,101.5,2018
WARREN,KY,21227,73.9,2018
WASHINGTON,KY,21229,38.3,2018
WAYNE,KY,21231,110.5,2018
WEBSTER,KY,21233,93.8,2018
WHITLEY,KY,21235,199.6,2018
WOLFE,KY,21237,120.9,2018
WOODFORD,KY,21239,56.5,2018
ACADIA,LA,22001,68.4,2018
ALLEN,LA,22003,86.0,2018
ASCENSION,LA,22005,75.4,2018
ASSUMPTION,LA,22007,28.2,2018
AVOYELLES,LA,22009,101.7,2018
BEAUREGARD,LA,22011,62.8,2018
BIENVILLE,LA,22013,55.9,2018
BOSSIER,LA,22015,79.4,2018
CADDO,LA,22017,90.0,2018
CALCASIEU,LA,22019,90.0,2018
CALDWELL,LA,22021,38.0,2018
CATAHOULA,LA,22025,87.3,2018
CLAIBORNE,LA,22027,93.5,2018
CONCORDIA,LA,22029,84.9,2018
DE SOTO,LA,22031,64.1,2018
EAST BATON ROUGE,LA,22033,72.6,2018
EAST CARROLL,LA,22035,81.6,2018
EAST FELICIANA,LA,22037,44.1,2018
EVANGELINE,LA,22039,144.0,2018
FRANKLIN,LA,22041,92.0,2018
GRANT,LA,22043,41.8,2018
IBERIA,LA,22045,81.2,2018
IBERVILLE,LA,22047,59.8,2018
JACKSON,LA,22049,55.9,2018
JEFFERSON,LA,22051,82.4,2018
JEFFERSON DAVIS,LA,22053,84.5,2018
LA SALLE,LA,22059,94.1,2018
LAFAYETTE,LA,22055,80.0,2018
LAFOURCHE,LA,22057,78.5,2018
LINCOLN,LA,22061,76.3,2018
LIVINGSTON,LA,22063,82.3,2018
MOREHOUSE,LA,22067,91.2,2018
NATCHITOCHES,LA,22069,69.4,2018
ORLEANS,LA,22071,50.9,2018
OUACHITA,LA,22073,92.3,2018
PLAQUEMINES,LA,22075,37.4,2018
POINTE COUPEE,LA,22077,72.0,2018
RAPIDES,LA,22079,117.1,2018
RED RIVER,LA,22081,93.7,2018
RICHLAND,LA,22083,125.6,2018
SABINE,LA,22085,60.0,2018
SAINT BERNARD,LA,22087,85.1,2018
SAINT CHARLES,LA,22089,58.4,2018
SAINT HELENA,LA,22091,70.7,2018
SAINT JAMES,LA,22093,74.9,2018
SAINT LANDRY,LA,22097,121.0,2018
SAINT MARTIN,LA,22099,65.7,2018
SAINT MARY,LA,22101,89.3,2018
SAINT TAMMANY,LA,22103,81.8,2018
ST JOHN THE BAPTIST,LA,22095,87.7,2018
TANGIPAHOA,LA,22105,99.7,2018
TENSAS,LA,22107,72.2,2018
TERREBONNE,LA,22109,81.5,2018
UNION,LA,22111,69.4,2018
VERMILION,LA,22113,55.9,2018
VERNON,LA,22115,66.6,2018
WASHINGTON,LA,22117,112.3,2018
WEBSTER,LA,22119,99.7,2018
WEST BATON ROUGE,LA,22121,76.5,2018
WEST CARROLL,LA,22123,36.3,2018
WEST FELICIANA,LA,22125,40.5,2018
WINN,LA,22127,87.6,2018
BARNSTABLE,MA,25001,44.5,2018
BERKSHIRE,MA,25003,46.6,2018
BRISTOL,MA,25005,55.5,2018
DUKES,MA,25007,40.5,2018
ESSEX,MA,25009,35.0,2018
FRANKLIN,MA,25011,41.5,2018
HAMPDEN,MA,25013,50.2,2018
HAMPSHIRE,MA,25015,44.2,2018
MIDDLESEX,MA,25017,25.4,2018
NANTUCKET,MA,25019,27.2,2018
NORFOLK,MA,25021,31.7,2018
PLYMOUTH,MA,25023,40.2,2018
SUFFOLK,MA,25025,22.8,2018
WORCESTER,MA,25027,38.7,2018
ALLEGANY,MD,24001,89.2,2018
ANNE ARUNDEL,MD,24003,53.7,2018
BALTIMORE,MD,24005,53.2,2018
BALTIMORE CITY,MD,24510,41.9,2018
CALVERT,MD,24009,68.5,2018
CAROLINE,MD,24011,34.6,2018
CARROLL,MD,24013,55.5,2018
CECIL,MD,24015,56.4,2018
CHARLES,MD,24017,61.8,2018
DORCHESTER,MD,24019,61.3,2018
FREDERICK,MD,24021,56.3,2018
GARRETT,MD,24023,63.4,2018
HARFORD,MD,24025,56.3,2018
HOWARD,MD,24027,28.4,2018
KENT,MD,24029,84.6,2018
MONTGOMERY,MD,24031,26.5,2018
PRINCE GEORGE’S,MD,24033,30.0,2018
QUEEN ANNE’S,MD,24035,49.8,2018
SAINT MARYS,MD,24037,50.5,2018
SOMERSET,MD,24039,42.6,2018
TALBOT,MD,24041,83.2,2018
WASHINGTON,MD,24043,90.3,2018
WICOMICO,MD,24045,59.2,2018
WORCESTER,MD,24047,59.7,2018
ANDROSCOGGIN,ME,23001,50.7,2018
AROOSTOOK,ME,23003,52.1,2018
CUMBERLAND,ME,23005,39.5,2018
FRANKLIN,ME,23007,42.2,2018
HANCOCK,ME,23009,45.5,2018
KENNEBEC,ME,23011,70.1,2018
KNOX,ME,23013,49.1,2018
LINCOLN,ME,23015,34.0,2018
OXFORD,ME,23017,53.9,2018
PENOBSCOT,ME,23019,51.4,2018
PISCATAQUIS,ME,23021,51.0,2018
SAGADAHOC,ME,23023,45.3,2018
SOMERSET,ME,23025,48.8,2018
WALDO,ME,23027,33.9,2018
WASHINGTON,ME,23029,48.3,2018
YORK,ME,23031,46.9,2018
ALCONA,MI,26001,18.2,2018
ALGER,MI,26003,35.0,2018
ALLEGAN,MI,26005,39.0,2018
ALPENA,MI,26007,101.6,2018
ANTRIM,MI,26009,40.0,2018
ARENAC,MI,26011,78.4,2018
BARAGA,MI,26013,59.9,2018
BARRY,MI,26015,49.0,2018
BAY,MI,26017,74.2,2018
BENZIE,MI,26019,52.9,2018
BERRIEN,MI,26021,69.5,2018
BRANCH,MI,26023,56.0,2018
CALHOUN,MI,26025,81.2,2018
CASS,MI,26027,27.6,2018
CHARLEVOIX,MI,26029,64.4,2018
CHEBOYGAN,MI,26031,91.9,2018
CHIPPEWA,MI,26033,46.7,2018
CLARE,MI,26035,94.5,2018
CLINTON,MI,26037,35.2,2018
CRAWFORD,MI,26039,94.4,2018
DELTA,MI,26041,80.2,2018
DICKINSON,MI,26043,65.9,2018
EATON,MI,26045,69.7,2018
EMMET,MI,26047,96.1,2018
GENESEE,MI,26049,85.2,2018
GLADWIN,MI,26051,77.9,2018
GOGEBIC,MI,26053,74.1,2018
GRAND TRAVERSE,MI,26055,83.8,2018
GRATIOT,MI,26057,59.5,2018
HILLSDALE,MI,26059,48.8,2018
HOUGHTON,MI,26061,34.2,2018
HURON,MI,26063,55.6,2018
INGHAM,MI,26065,54.8,2018
IONIA,MI,26067,51.4,2018
IOSCO,MI,26069,118.1,2018
IRON,MI,26071,74.5,2018
ISABELLA,MI,26073,48.0,2018
JACKSON,MI,26075,61.9,2018
KALAMAZOO,MI,26077,54.5,2018
KALKASKA,MI,26079,70.2,2018
KENT,MI,26081,55.3,2018
LAKE,MI,26085,25.6,2018
LAPEER,MI,26087,57.3,2018
LEELANAU,MI,26089,14.5,2018
LENAWEE,MI,26091,67.2,2018
LIVINGSTON,MI,26093,44.9,2018
LUCE,MI,26095,93.7,2018
MACKINAC,MI,26097,49.0,2018
MACOMB,MI,26099,73.1,2018
MANISTEE,MI,26101,75.4,2018
MARQUETTE,MI,26103,66.0,2018
MASON,MI,26105,98.9,2018
MECOSTA,MI,26107,69.9,2018
MENOMINEE,MI,26109,30.1,2018
MIDLAND,MI,26111,62.8,2018
MISSAUKEE,MI,26113,24.2,2018
MONROE,MI,26115,66.6,2018
MONTCALM,MI,26117,89.8,2018
MONTMORENCY,MI,26119,49.3,2018
MUSKEGON,MI,26121,95.7,2018
NEWAYGO,MI,26123,88.5,2018
OAKLAND,MI,26125,54.7,2018
OCEANA,MI,26127,48.7,2018
OGEMAW,MI,26129,114.5,2018
ONTONAGON,MI,26131,24.0,2018
OSCEOLA,MI,26133,51.9,2018
OSCODA,MI,26135,71.8,2018
OTSEGO,MI,26137,125.8,2018
OTTAWA,MI,26139,44.4,2018
PRESQUE ISLE,MI,26141,41.9,2018
ROSCOMMON,MI,26143,117.1,2018
SAGINAW,MI,26145,67.1,2018
SAINT CLAIR,MI,26147,79.5,2018
SAINT JOSEPH,MI,26149,76.1,2018
SANILAC,MI,26151,27.7,2018
SCHOOLCRAFT,MI,26153,86.0,2018
SHIAWASSEE,MI,26155,70.8,2018
TUSCOLA,MI,26157,57.9,2018
VAN BUREN,MI,26159,78.2,2018
WASHTENAW,MI,26161,30.7,2018
WAYNE,MI,26163,64.9,2018
WEXFORD,MI,26165,99.0,2018
AITKIN,MN,27001,56.5,2018
ANOKA,MN,27003,38.5,2018
BECKER,MN,27005,35.7,2018
BELTRAMI,MN,27007,41.4,2018
BENTON,MN,27009,30.1,2018
BIG STONE,MN,27011,70.9,2018
BLUE EARTH,MN,27013,51.2,2018
BROWN,MN,27015,41.0,2018
CARLTON,MN,27017,51.0,2018
CARVER,MN,27019,32.2,2018
CASS,MN,27021,22.0,2018
CHIPPEWA,MN,27023,52.1,2018
CHISAGO,MN,27025,25.7,2018
CLAY,MN,27027,34.4,2018
CLEARWATER,MN,27029,47.6,2018
COOK,MN,27031,33.6,2018
COTTONWOOD,MN,27033,66.9,2018
CROW WING,MN,27035,46.9,2018
DAKOTA,MN,27037,36.9,2018
DODGE,MN,27039,10.0,2018
DOUGLAS,MN,27041,60.2,2018
FARIBAULT,MN,27043,39.1,2018
FILLMORE,MN,27045,24.0,2018
FREEBORN,MN,27047,29.0,2018
GOODHUE,MN,27049,33.7,2018
GRANT,MN,27051,28.7,2018
HENNEPIN,MN,27053,28.6,2018
HOUSTON,MN,27055,20.0,2018
HUBBARD,MN,27057,40.6,2018
ISANTI,MN,27059,45.8,2018
ITASCA,MN,27061,51.0,2018
JACKSON,MN,27063,24.6,2018
KANABEC,MN,27065,61.1,2018
KANDIYOHI,MN,27067,50.2,2018
KITTSON,MN,27069,32.2,2018
KOOCHICHING,MN,27071,49.2,2018
LAC QUI PARLE,MN,27073,52.3,2018
LAKE,MN,27075,24.5,2018
LAKE OF THE WOODS,MN,27077,18.1,2018
LE SUEUR,MN,27079,10.1,2018
LINCOLN,MN,27081,35.5,2018
LYON,MN,27083,39.0,2018
MAHNOMEN,MN,27087,27.6,2018
MARSHALL,MN,27089,17.9,2018
MARTIN,MN,27091,61.9,2018
MCLEOD,MN,27085,55.1,2018
MEEKER,MN,27093,16.2,2018
MILLE LACS,MN,27095,50.1,2018
MORRISON,MN,27097,52.7,2018
MOWER,MN,27099,26.9,2018
MURRAY,MN,27101,29.4,2018
NICOLLET,MN,27103,16.9,2018
NOBLES,MN,27105,33.9,2018
NORMAN,MN,27107,12.2,2018
OLMSTED,MN,27109,25.9,2018
OTTER TAIL,MN,27111,40.6,2018
PENNINGTON,MN,27113,55.8,2018
PINE,MN,27115,48.5,2018
PIPESTONE,MN,27117,69.0,2018
POLK,MN,27119,49.5,2018
POPE,MN,27121,53.4,2018
RAMSEY,MN,27123,31.2,2018
RED LAKE,MN,27125,25.2,2018
REDWOOD,MN,27127,35.7,2018
RENVILLE,MN,27129,22.8,2018
RICE,MN,27131,37.8,2018
ROCK,MN,27133,50.8,2018
ROSEAU,MN,27135,55.0,2018
SAINT LOUIS,MN,27137,47.8,2018
SCOTT,MN,27139,28.6,2018
SHERBURNE,MN,27141,31.8,2018
SIBLEY,MN,27143,18.8,2018
STEARNS,MN,27145,44.2,2018
STEELE,MN,27147,35.4,2018
STEVENS,MN,27149,43.3,2018
SWIFT,MN,27151,39.7,2018
TODD,MN,27153,21.1,2018
TRAVERSE,MN,27155,42.6,2018
WABASHA,MN,27157,5.9,2018
WADENA,MN,27159,111.2,2018
WASECA,MN,27161,34.0,2018
WASHINGTON,MN,27163,42.6,2018
WATONWAN,MN,27165,41.5,2018
WILKIN,MN,27167,42.6,2018
WINONA,MN,27169,34.4,2018
WRIGHT,MN,27171,41.0,2018
YELLOW MEDICINE,MN,27173,30.6,2018
ADAIR,MO,29001,89.7,2018
ANDREW,MO,29003,0.0,2018
ATCHISON,MO,29005,88.4,2018
AUDRAIN,MO,29007,61.2,2018
BARRY,MO,29009,95.0,2018
BARTON,MO,29011,76.8,2018
BATES,MO,29013,30.3,2018
BENTON,MO,29015,80.6,2018
BOLLINGER,MO,29017,46.8,2018
BOONE,MO,29019,36.7,2018
BUCHANAN,MO,29021,83.3,2018
BUTLER,MO,29023,142.9,2018
CALLAWAY,MO,29027,33.1,2018
CAMDEN,MO,29029,95.0,2018
CAPE GIRARDEAU,MO,29031,87.6,2018
CARROLL,MO,29033,69.8,2018
CASS,MO,29037,84.6,2018
CEDAR,MO,29039,135.6,2018
CHARITON,MO,29041,27.6,2018
CHRISTIAN,MO,29043,55.8,2018
CLARK,MO,29045,57.8,2018
CLAY,MO,29047,68.9,2018
CLINTON,MO,29049,55.0,2018
COLE,MO,29051,69.7,2018
COOPER,MO,29053,28.9,2018
CRAWFORD,MO,29055,73.5,2018
DADE,MO,29057,23.7,2018
DALLAS,MO,29059,23.8,2018
DAVIESS,MO,29061,25.7,2018
DENT,MO,29065,81.3,2018
DOUGLAS,MO,29067,66.0,2018
DUNKLIN,MO,29069,148.6,2018
FRANKLIN,MO,29071,74.6,2018
GASCONADE,MO,29073,70.8,2018
GENTRY,MO,29075,63.7,2018
GREENE,MO,29077,85.0,2018
GRUNDY,MO,29079,92.2,2018
HARRISON,MO,29081,99.0,2018
HENRY,MO,29083,113.2,2018
HICKORY,MO,29085,0.0,2018
HOWARD,MO,29089,0.0,2018
HOWELL,MO,29091,131.7,2018
IRON,MO,29093,121.2,2018
JACKSON,MO,29095,60.3,2018
JASPER,MO,29097,112.3,2018
JEFFERSON,MO,29099,64.7,2018
JOHNSON,MO,29101,43.1,2018
KNOX,MO,29103,0.0,2018
LACLEDE,MO,29105,81.5,2018
LAFAYETTE,MO,29107,39.7,2018
LAWRENCE,MO,29109,42.4,2018
LEWIS,MO,29111,49.0,2018
LINCOLN,MO,29113,56.1,2018
LINN,MO,29115,42.6,2018
LIVINGSTON,MO,29117,85.7,2018
MACON,MO,29121,57.8,2018
MADISON,MO,29123,115.3,2018
MARION,MO,29127,96.9,2018
MCDONALD,MO,29119,28.9,2018
MERCER,MO,29129,41.7,2018
MILLER,MO,29131,53.8,2018
MISSISSIPPI,MO,29133,58.0,2018
MONROE,MO,29137,0.0,2018
MONTGOMERY,MO,29139,39.2,2018
MORGAN,MO,29141,42.0,2018
NEW MADRID,MO,29143,65.3,2018
NEWTON,MO,29145,49.6,2018
NODAWAY,MO,29147,60.4,2018
OREGON,MO,29149,51.0,2018
OSAGE,MO,29151,18.4,2018
OZARK,MO,29153,55.3,2018
PEMISCOT,MO,29155,28.0,2018
PERRY,MO,29157,48.0,2018
PETTIS,MO,29159,68.0,2018
PHELPS,MO,29161,75.6,2018
PIKE,MO,29163,75.7,2018
PLATTE,MO,29165,52.8,2018
POLK,MO,29167,62.9,2018
PULASKI,MO,29169,27.5,2018
PUTNAM,MO,29171,34.6,2018
RANDOLPH,MO,29175,96.4,2018
RAY,MO,29177,55.3,2018
RIPLEY,MO,29181,95.4,2018
SAINT CHARLES,MO,29183,59.7,2018
SAINT CLAIR,MO,29185,34.9,2018
SAINT FRANCOIS,MO,29187,138.0,2018
SAINT LOUIS,MO,29189,55.3,2018
SAINT LOUIS CITY,MO,29510,42.5,2018
SAINTE GENEVIEVE,MO,29186,40.8,2018
SALINE,MO,29195,72.2,2018
SCHUYLER,MO,29197,3.3,2018
SCOTLAND,MO,29199,65.3,2018
SCOTT,MO,29201,97.9,2018
SHANNON,MO,29203,30.1,2018
SHELBY,MO,29205,22.6,2018
STODDARD,MO,29207,74.6,2018
STONE,MO,29209,71.2,2018
SULLIVAN,MO,29211,49.5,2018
TANEY,MO,29213,81.4,2018
TEXAS,MO,29215,37.1,2018
VERNON,MO,29217,60.4,2018
WARREN,MO,29219,50.6,2018
WASHINGTON,MO,29221,24.4,2018
WAYNE,MO,29223,0.0,2018
WEBSTER,MO,29225,75.0,2018
WORTH,MO,29227,0.0,2018
WRIGHT,MO,29229,103.0,2018
ADAMS,MS,28001,94.8,2018
ALCORN,MS,28003,132.1,2018
AMITE,MS,28005,34.7,2018
ATTALA,MS,28007,80.9,2018
BENTON,MS,28009,47.3,2018
BOLIVAR,MS,28011,61.7,2018
CALHOUN,MS,28013,57.6,2018
CHICKASAW,MS,28017,76.0,2018
CHOCTAW,MS,28019,36.1,2018
CLAIBORNE,MS,28021,46.1,2018
CLARKE,MS,28023,75.1,2018
CLAY,MS,28025,91.7,2018
COAHOMA,MS,28027,88.1,2018
COPIAH,MS,28029,72.9,2018
COVINGTON,MS,28031,92.0,2018
DESOTO,MS,28033,77.1,2018
FORREST,MS,28035,158.5,2018
FRANKLIN,MS,28037,46.1,2018
GEORGE,MS,28039,107.2,2018
GREENE,MS,28041,47.2,2018
GRENADA,MS,28043,134.2,2018
HANCOCK,MS,28045,72.0,2018
HARRISON,MS,28047,89.1,2018
HINDS,MS,28049,49.7,2018
HOLMES,MS,28051,54.3,2018
HUMPHREYS,MS,28053,48.5,2018
ITAWAMBA,MS,28057,82.1,2018
JACKSON,MS,28059,73.8,2018
JASPER,MS,28061,33.4,2018
JEFFERSON DAVIS,MS,28065,88.9,2018
JONES,MS,28067,109.7,2018
KEMPER,MS,28069,29.5,2018
LAFAYETTE,MS,28071,52.6,2018
LAMAR,MS,28073,29.0,2018
LAUDERDALE,MS,28075,116.4,2018
LAWRENCE,MS,28077,90.5,2018
LEAKE,MS,28079,72.1,2018
LEE,MS,28081,90.2,2018
LEFLORE,MS,28083,97.6,2018
LINCOLN,MS,28085,82.9,2018
LOWNDES,MS,28087,78.8,2018
MADISON,MS,28089,49.5,2018
MARION,MS,28091,140.3,2018
MARSHALL,MS,28093,44.5,2018
MONROE,MS,28095,75.7,2018
MONTGOMERY,MS,28097,56.1,2018
NESHOBA,MS,28099,98.8,2018
NEWTON,MS,28101,47.4,2018
NOXUBEE,MS,28103,70.0,2018
OKTIBBEHA,MS,28105,54.7,2018
PANOLA,MS,28107,81.6,2018
PEARL RIVER,MS,28109,101.1,2018
PERRY,MS,28111,51.6,2018
PIKE,MS,28113,108.9,2018
PONTOTOC,MS,28115,65.0,2018
PRENTISS,MS,28117,75.0,2018
QUITMAN,MS,28119,60.1,2018
RANKIN,MS,28121,76.2,2018
SCOTT,MS,28123,70.4,2018
SHARKEY,MS,28125,70.5,2018
SIMPSON,MS,28127,83.3,2018
SMITH,MS,28129,37.5,2018
STONE,MS,28131,110.7,2018
SUNFLOWER,MS,28133,39.4,2018
TALLAHATCHIE,MS,28135,28.5,2018
TATE,MS,28137,90.1,2018
TIPPAH,MS,28139,72.8,2018
TISHOMINGO,MS,28141,108.5,2018
TUNICA,MS,28143,30.5,2018
UNION,MS,28145,81.2,2018
WALTHALL,MS,28147,52.0,2018
WARREN,MS,28149,73.1,2018
WASHINGTON,MS,28151,72.9,2018
WAYNE,MS,28153,95.1,2018
WEBSTER,MS,28155,118.1,2018
WILKINSON,MS,28157,64.6,2018
WINSTON,MS,28159,78.3,2018
YALOBUSHA,MS,28161,41.0,2018
YAZOO,MS,28163,47.2,2018
BEAVERHEAD,MT,30001,68.0,2018
BIG HORN,MT,30003,21.3,2018
BLAINE,MT,30005,32.3,2018
BROADWATER,MT,30007,28.0,2018
CARBON,MT,30009,23.3,2018
CASCADE,MT,30013,65.4,2018
CHOUTEAU,MT,30015,20.2,2018
CUSTER,MT,30017,80.6,2018
DAWSON,MT,30021,62.7,2018
DEER LODGE,MT,30023,73.0,2018
FALLON,MT,30025,0.1,2018
FERGUS,MT,30027,64.1,2018
FLATHEAD,MT,30029,72.0,2018
GALLATIN,MT,30031,31.9,2018
GLACIER,MT,30035,30.9,2018
HILL,MT,30041,42.0,2018
JEFFERSON,MT,30043,17.0,2018
LAKE,MT,30047,57.3,2018
LEWIS AND CLARK,MT,30049,55.6,2018
LIBERTY,MT,30051,36.8,2018
LINCOLN,MT,30053,85.2,2018
MADISON,MT,30057,22.4,2018
MEAGHER,MT,30059,42.3,2018
MINERAL,MT,30061,41.3,2018
MISSOULA,MT,30063,57.5,2018
PARK,MT,30067,34.9,2018
PHILLIPS,MT,30071,62.6,2018
PONDERA,MT,30073,60.8,2018
POWDER RIVER,MT,30075,28.5,2018
POWELL,MT,30077,56.9,2018
RAVALLI,MT,30081,61.5,2018
RICHLAND,MT,30083,52.6,2018
ROOSEVELT,MT,30085,23.5,2018
ROSEBUD,MT,30087,38.7,2018
SANDERS,MT,30089,62.5,2018
SILVER BOW,MT,30093,75.6,2018
STILLWATER,MT,30095,41.1,2018
SWEET GRASS,MT,30097,43.2,2018
TETON,MT,30099,28.9,2018
TOOLE,MT,30101,51.4,2018
VALLEY,MT,30105,32.6,2018
WHEATLAND,MT,30107,41.3,2018
YELLOWSTONE,MT,30111,65.2,2018
ALAMANCE,NC,37001,63.6,2018
ALEXANDER,NC,37003,17.0,2018
ALLEGHANY,NC,37005,69.3,2018
ANSON,NC,37007,65.2,2018
ASHE,NC,37009,77.8,2018
AVERY,NC,37011,65.8,2018
BEAUFORT,NC,37013,110.9,2018
BERTIE,NC,37015,0.0,2018
BLADEN,NC,37017,96.9,2018
BRUNSWICK,NC,37019,81.2,2018
BUNCOMBE,NC,37021,58.7,2018
BURKE,NC,37023,101.2,2018
CABARRUS,NC,37025,69.4,2018
CALDWELL,NC,37027,106.5,2018
CAMDEN,NC,37029,6.4,2018
CARTERET,NC,37031,75.4,2018
CASWELL,NC,37033,0.0,2018
CATAWBA,NC,37035,98.2,2018
CHATHAM,NC,37037,32.2,2018
CHEROKEE,NC,37039,107.5,2018
CHOWAN,NC,37041,98.6,2018
CLAY,NC,37043,109.1,2018
CLEVELAND,NC,37045,104.0,2018
COLUMBUS,NC,37047,118.7,2018
CRAVEN,NC,37049,84.6,2018
CUMBERLAND,NC,37051,67.9,2018
CURRITUCK,NC,37053,12.6,2018
DARE,NC,37055,87.4,2018
DAVIDSON,NC,37057,60.0,2018
DAVIE,NC,37059,75.4,2018
DUPLIN,NC,37061,54.4,2018
DURHAM,NC,37063,34.4,2018
EDGECOMBE,NC,37065,61.2,2018
FORSYTH,NC,37067,55.9,2018
FRANKLIN,NC,37069,41.4,2018
GASTON,NC,37071,88.3,2018
GRAHAM,NC,37075,80.6,2018
GRANVILLE,NC,37077,52.9,2018
GREENE,NC,37079,23.8,2018
GUILFORD,NC,37081,56.1,2018
HALIFAX,NC,37083,92.1,2018
HARNETT,NC,37085,59.1,2018
HAYWOOD,NC,37087,80.1,2018
HENDERSON,NC,37089,61.1,2018
HERTFORD,NC,37091,104.2,2018
HOKE,NC,37093,35.8,2018
HYDE,NC,37095,49.9,2018
IREDELL,NC,37097,77.8,2018
JACKSON,NC,37099,68.1,2018
JOHNSTON,NC,37101,49.0,2018
JONES,NC,37103,41.7,2018
LEE,NC,37105,96.7,2018
LENOIR,NC,37107,67.1,2018
LINCOLN,NC,37109,84.0,2018
MACON,NC,37113,73.2,2018
MADISON,NC,37115,42.8,2018
MARTIN,NC,37117,84.9,2018
MCDOWELL,NC,37111,60.3,2018
MECKLENBURG,NC,37119,39.9,2018
MITCHELL,NC,37121,109.2,2018
MONTGOMERY,NC,37123,45.4,2018
MOORE,NC,37125,82.3,2018
NASH,NC,37127,72.4,2018
NEW HANOVER,NC,37129,69.1,2018
NORTHAMPTON,NC,37131,15.0,2018
ONSLOW,NC,37133,56.5,2018
ORANGE,NC,37135,32.2,2018
PAMLICO,NC,37137,76.5,2018
PASQUOTANK,NC,37139,95.4,2018
PENDER,NC,37141,40.1,2018
PERQUIMANS,NC,37143,25.2,2018
PERSON,NC,37145,77.6,2018
PITT,NC,37147,62.1,2018
POLK,NC,37149,47.3,2018
RANDOLPH,NC,37151,53.7,2018
RICHMOND,NC,37153,115.3,2018
ROBESON,NC,37155,103.1,2018
ROCKINGHAM,NC,37157,107.8,2018
ROWAN,NC,37159,63.4,2018
RUTHERFORD,NC,37161,77.9,2018
SAMPSON,NC,37163,65.4,2018
SCOTLAND,NC,37165,142.7,2018
STANLY,NC,37167,86.9,2018
STOKES,NC,37169,70.5,2018
SURRY,NC,37171,122.2,2018
SWAIN,NC,37173,69.5,2018
TRANSYLVANIA,NC,37175,74.6,2018
TYRRELL,NC,37177,70.6,2018
UNION,NC,37179,51.7,2018
VANCE,NC,37181,86.8,2018
WAKE,NC,37183,41.1,2018
WARREN,NC,37185,24.8,2018
WASHINGTON,NC,37187,84.8,2018
WATAUGA,NC,37189,63.5,2018
WAYNE,NC,37191,59.0,2018
WILKES,NC,37193,67.8,2018
WILSON,NC,37195,72.1,2018
YADKIN,NC,37197,46.9,2018
YANCEY,NC,37199,74.0,2018
ADAMS,ND,38001,85.0,2018
BARNES,ND,38003,51.0,2018
BENSON,ND,38005,4.0,2018
BOTTINEAU,ND,38009,26.4,2018
BOWMAN,ND,38011,40.8,2018
BURLEIGH,ND,38015,52.3,2018
CASS,ND,38017,20.8,2018
CAVALIER,ND,38019,42.4,2018
DICKEY,ND,38021,51.6,2018
DUNN,ND,38025,17.2,2018
EDDY,ND,38027,77.3,2018
EMMONS,ND,38029,45.7,2018
FOSTER,ND,38031,82.1,2018
GRAND FORKS,ND,38035,47.0,2018
GRIGGS,ND,38039,47.3,2018
HETTINGER,ND,38041,17.9,2018
KIDDER,ND,38043,25.2,2018
LAMOURE,ND,38045,33.2,2018
MCHENRY,ND,38049,20.1,2018
MCINTOSH,ND,38051,29.8,2018
MCKENZIE,ND,38053,37.6,2018
MCLEAN,ND,38055,34.6,2018
MERCER,ND,38057,53.4,2018
MORTON,ND,38059,37.4,2018
MOUNTRAIL,ND,38061,8.1,2018
NELSON,ND,38063,30.7,2018
PEMBINA,ND,38067,45.3,2018
PIERCE,ND,38069,53.8,2018
RAMSEY,ND,38071,100.5,2018
RANSOM,ND,38073,46.2,2018
RENVILLE,ND,38075,23.6,2018
RICHLAND,ND,38077,25.0,2018
ROLETTE,ND,38079,2.9,2018
STARK,ND,38089,56.2,2018
STUTSMAN,ND,38093,59.8,2018
TRAILL,ND,38097,15.5,2018
WALSH,ND,38099,33.7,2018
WARD,ND,38101,46.7,2018
WELLS,ND,38103,57.1,2018
WILLIAMS,ND,38105,49.3,2018
ADAMS,NE,31001,67.8,2018
ANTELOPE,NE,31003,48.8,2018
BOX BUTTE,NE,31013,89.5,2018
BROWN,NE,31017,33.9,2018
BUFFALO,NE,31019,68.3,2018
BURT,NE,31021,18.0,2018
BUTLER,NE,31023,52.4,2018
CASS,NE,31025,30.1,2018
CEDAR,NE,31027,32.7,2018
CHASE,NE,31029,52.8,2018
CHERRY,NE,31031,59.9,2018
CHEYENNE,NE,31033,35.5,2018
CUMING,NE,31039,23.1,2018
CUSTER,NE,31041,75.7,2018
DAKOTA,NE,31043,63.2,2018
DAWES,NE,31045,56.8,2018
DAWSON,NE,31047,54.9,2018
DIXON,NE,31051,10.4,2018
DODGE,NE,31053,79.5,2018
DOUGLAS,NE,31055,49.6,2018
DUNDY,NE,31057,107.7,2018
FILLMORE,NE,31059,0.1,2018
GAGE,NE,31067,41.1,2018
GARDEN,NE,31069,89.5,2018
GARFIELD,NE,31071,165.4,2018
HALL,NE,31079,64.3,2018
HAMILTON,NE,31081,52.6,2018
HARLAN,NE,31083,80.4,2018
HOLT,NE,31089,11.6,2018
HOWARD,NE,31093,55.0,2018
JEFFERSON,NE,31095,105.9,2018
JOHNSON,NE,31097,45.3,2018
KEARNEY,NE,31099,44.7,2018
KEITH,NE,31101,93.2,2018
KNOX,NE,31107,29.0,2018
LANCASTER,NE,31109,50.3,2018
LINCOLN,NE,31111,81.3,2018
MADISON,NE,31119,79.4,2018
MERRICK,NE,31121,77.6,2018
MORRILL,NE,31123,57.7,2018
NANCE,NE,31125,39.2,2018
NEMAHA,NE,31127,82.4,2018
NUCKOLLS,NE,31129,42.8,2018
OTOE,NE,31131,70.5,2018
PAWNEE,NE,31133,50.9,2018
PERKINS,NE,31135,76.4,2018
PHELPS,NE,31137,104.8,2018
PIERCE,NE,31139,25.2,2018
PLATTE,NE,31141,60.3,2018
POLK,NE,31143,23.0,2018
RED WILLOW,NE,31145,103.7,2018
RICHARDSON,NE,31147,37.8,2018
SALINE,NE,31151,48.7,2018
SARPY,NE,31153,40.0,2018
SAUNDERS,NE,31155,19.8,2018
SCOTTS BLUFF,NE,31157,75.5,2018
SEWARD,NE,31159,47.1,2018
THURSTON,NE,31173,0.0,2018
WASHINGTON,NE,31177,42.8,2018
WAYNE,NE,31179,43.2,2018
WEBSTER,NE,31181,0.0,2018
YORK,NE,31185,86.7,2018
BELKNAP,NH,33001,49.6,2018
CARROLL,NH,33003,56.1,2018
CHESHIRE,NH,33005,45.2,2018
COOS,NH,33007,50.5,2018
GRAFTON,NH,33009,48.2,2018
HILLSBOROUGH,NH,33011,38.7,2018
MERRIMACK,NH,33013,52.1,2018
ROCKINGHAM,NH,33015,47.3,2018
STRAFFORD,NH,33017,55.2,2018
SULLIVAN,NH,33019,38.4,2018
ATLANTIC,NJ,34001,54.3,2018
BERGEN,NJ,34003,32.0,2018
BURLINGTON,NJ,34005,51.1,2018
CAMDEN,NJ,34007,61.5,2018
CAPE MAY,NJ,34009,64.7,2018
CUMBERLAND,NJ,34011,68.7,2018
ESSEX,NJ,34013,29.3,2018
GLOUCESTER,NJ,34015,58.3,2018
HUDSON,NJ,34017,28.0,2018
HUNTERDON,NJ,34019,32.1,2018
MERCER,NJ,34021,42.4,2018
MIDDLESEX,NJ,34023,32.6,2018
MONMOUTH,NJ,34025,41.0,2018
MORRIS,NJ,34027,30.4,2018
OCEAN,NJ,34029,48.0,2018
PASSAIC,NJ,34031,32.5,2018
SALEM,NJ,34033,50.0,2018
SOMERSET,NJ,34035,26.9,2018
SUSSEX,NJ,34037,42.7,2018
UNION,NJ,34039,29.7,2018
WARREN,NJ,34041,51.1,2018
BERNALILLO,NM,35001,51.0,2018
CHAVES,NM,35005,62.5,2018
CIBOLA,NM,35006,30.6,2018
COLFAX,NM,35007,53.1,2018
CURRY,NM,35009,47.0,2018
DE BACA,NM,35011,0.1,2018
DONA ANA,NM,35013,36.9,2018
EDDY,NM,35015,70.8,2018
GRANT,NM,35017,54.2,2018
GUADALUPE,NM,35019,0.1,2018
LEA,NM,35025,65.3,2018
LINCOLN,NM,35027,66.5,2018
LOS ALAMOS,NM,35028,56.3,2018
LUNA,NM,35029,59.0,2018
MCKINLEY,NM,35031,18.9,2018
OTERO,NM,35035,43.7,2018
QUAY,NM,35037,67.1,2018
RIO ARRIBA,NM,35039,68.0,2018
ROOSEVELT,NM,35041,17.1,2018
SAN JUAN,NM,35045,45.5,2018
SAN MIGUEL,NM,35047,49.4,2018
SANDOVAL,NM,35043,42.0,2018
SANTA FE,NM,35049,62.5,2018
SIERRA,NM,35051,68.5,2018
SOCORRO,NM,35053,57.5,2018
TAOS,NM,35055,61.0,2018
TORRANCE,NM,35057,17.3,2018
UNION,NM,35059,39.5,2018
VALENCIA,NM,35061,61.0,2018
CARSON CITY,NV,32510,91.8,2018
CHURCHILL,NV,32001,77.7,2018
CLARK,NV,32003,53.2,2018
DOUGLAS,NV,32005,82.6,2018
ELKO,NV,32007,41.8,2018
HUMBOLDT,NV,32013,44.6,2018
LINCOLN,NV,32017,67.1,2018
LYON,NV,32019,63.9,2018
MINERAL,NV,32021,64.7,2018
NYE,NV,32023,90.5,2018
PERSHING,NV,32027,24.3,2018
WASHOE,NV,32031,56.9,2018
WHITE PINE,NV,32033,71.7,2018
ALBANY,NY,36001,37.7,2018
ALLEGANY,NY,36003,47.3,2018
BRONX,NY,36005,23.1,2018
BROOME,NY,36007,55.7,2018
CATTARAUGUS,NY,36009,57.6,2018
CAYUGA,NY,36011,41.4,2018
CHAUTAUQUA,NY,36013,54.4,2018
CHEMUNG,NY,36015,67.0,2018
CHENANGO,NY,36017,43.2,2018
CLINTON,NY,36019,66.5,2018
COLUMBIA,NY,36021,49.9,2018
CORTLAND,NY,36023,50.0,2018
DELAWARE,NY,36025,44.9,2018
DUTCHESS,NY,36027,46.6,2018
ERIE,NY,36029,53.2,2018
ESSEX,NY,36031,40.8,2018
FRANKLIN,NY,36033,57.1,2018
FULTON,NY,36035,57.4,2018
GENESEE,NY,36037,43.6,2018
GREENE,NY,36039,53.8,2018
HERKIMER,NY,36043,38.4,2018
JEFFERSON,NY,36045,50.9,2018
KINGS,NY,36047,18.2,2018
LEWIS,NY,36049,30.4,2018
LIVINGSTON,NY,36051,41.0,2018
MADISON,NY,36053,48.8,2018
MONROE,NY,36055,37.8,2018
MONTGOMERY,NY,36057,68.2,2018
NASSAU,NY,36059,32.3,2018
NEW YORK,NY,36061,29.8,2018
NIAGARA,NY,36063,58.1,2018
ONEIDA,NY,36065,47.8,2018
ONONDAGA,NY,36067,46.9,2018
ONTARIO,NY,36069,40.3,2018
ORANGE,NY,36071,44.7,2018
ORLEANS,NY,36073,42.4,2018
OSWEGO,NY,36075,48.7,2018
OTSEGO,NY,36077,50.7,2018
PUTNAM,NY,36079,34.4,2018
QUEENS,NY,36081,18.6,2018
RENSSELAER,NY,36083,47.6,2018
RICHMOND,NY,36085,35.8,2018
ROCKLAND,NY,36087,28.1,2018
SAINT LAWRENCE,NY,36089,59.6,2018
SARATOGA,NY,36091,39.1,2018
SCHENECTADY,NY,36093,43.4,2018
SCHOHARIE,NY,36095,45.6,2018
SCHUYLER,NY,36097,51.6,2018
SENECA,NY,36099,40.1,2018
STEUBEN,NY,36101,55.2,2018
SUFFOLK,NY,36103,41.9,2018
SULLIVAN,NY,36105,59.0,2018
TIOGA,NY,36107,32.5,2018
TOMPKINS,NY,36109,43.3,2018
ULSTER,NY,36111,53.2,2018
WARREN,NY,36113,74.1,2018
WASHINGTON,NY,36115,53.6,2018
WAYNE,NY,36117,42.4,2018
WESTCHESTER,NY,36119,28.3,2018
WYOMING,NY,36121,43.3,2018
YATES,NY,36123,26.2,2018
ADAMS,OH,39001,69.0,2018
ALLEN,OH,39003,66.0,2018
ASHLAND,OH,39005,30.2,2018
ASHTABULA,OH,39007,49.5,2018
ATHENS,OH,39009,58.1,2018
AUGLAIZE,OH,39011,35.8,2018
BELMONT,OH,39013,63.0,2018
BROWN,OH,39015,67.5,2018
BUTLER,OH,39017,54.9,2018
CARROLL,OH,39019,30.2,2018
CHAMPAIGN,OH,39021,55.7,2018
CLARK,OH,39023,76.3,2018
CLERMONT,OH,39025,62.6,2018
CLINTON,OH,39027,75.1,2018
COLUMBIANA,OH,39029,57.2,2018
COSHOCTON,OH,39031,54.7,2018
CRAWFORD,OH,39033,67.1,2018
CUYAHOGA,OH,39035,39.1,2018
DARKE,OH,39037,39.1,2018
DEFIANCE,OH,39039,60.2,2018
DELAWARE,OH,39041,41.6,2018
ERIE,OH,39043,60.2,2018
FAIRFIELD,OH,39045,54.6,2018
FAYETTE,OH,39047,73.0,2018
FRANKLIN,OH,39049,50.1,2018
FULTON,OH,39051,56.3,2018
GALLIA,OH,39053,54.2,2018
GEAUGA,OH,39055,39.9,2018
GREENE,OH,39057,51.3,2018
GUERNSEY,OH,39059,72.4,2018
HAMILTON,OH,39061,52.6,2018
HANCOCK,OH,39063,46.6,2018
HARDIN,OH,39065,51.2,2018
HARRISON,OH,39067,49.2,2018
HENRY,OH,39069,41.6,2018
HIGHLAND,OH,39071,79.6,2018
HOCKING,OH,39073,67.3,2018
HOLMES,OH,39075,17.0,2018
HURON,OH,39077,68.9,2018
JACKSON,OH,39079,89.2,2018
JEFFERSON,OH,39081,80.1,2018
KNOX,OH,39083,37.0,2018
LAKE,OH,39085,51.5,2018
LAWRENCE,OH,39087,62.8,2018
LICKING,OH,39089,47.9,2018
LOGAN,OH,39091,62.1,2018
LORAIN,OH,39093,50.1,2018
LUCAS,OH,39095,73.6,2018
MADISON,OH,39097,56.6,2018
MAHONING,OH,39099,67.9,2018
MARION,OH,39101,83.0,2018
MEDINA,OH,39103,42.4,2018
MEIGS,OH,39105,41.9,2018
MERCER,OH,39107,36.7,2018
MIAMI,OH,39109,47.7,2018
MONROE,OH,39111,29.2,2018
MONTGOMERY,OH,39113,63.2,2018
MORGAN,OH,39115,32.0,2018
MORROW,OH,39117,40.0,2018
MUSKINGUM,OH,39119,71.1,2018
NOBLE,OH,39121,15.9,2018
OTTAWA,OH,39123,51.4,2018
PAULDING,OH,39125,24.1,2018
PERRY,OH,39127,59.4,2018
PICKAWAY,OH,39129,51.5,2018
PIKE,OH,39131,75.1,2018
PORTAGE,OH,39133,43.1,2018
PREBLE,OH,39135,48.4,2018
PUTNAM,OH,39137,29.1,2018
RICHLAND,OH,39139,51.6,2018
ROSS,OH,39141,65.6,2018
SANDUSKY,OH,39143,56.4,2018
SCIOTO,OH,39145,78.8,2018
SENECA,OH,39147,51.5,2018
SHELBY,OH,39149,53.1,2018
STARK,OH,39151,65.4,2018
SUMMIT,OH,39153,51.8,2018
TRUMBULL,OH,39155,72.3,2018
TUSCARAWAS,OH,39157,53.1,2018
UNION,OH,39159,51.4,2018
VAN WERT,OH,39161,47.6,2018
VINTON,OH,39163,17.7,2018
WARREN,OH,39165,47.3,2018
WASHINGTON,OH,39167,88.6,2018
WAYNE,OH,39169,40.7,2018
WILLIAMS,OH,39171,37.9,2018
WOOD,OH,39173,38.0,2018
WYANDOT,OH,39175,35.1,2018
ADAIR,OK,40001,58.0,2018
ATOKA,OK,40005,26.7,2018
BECKHAM,OK,40009,86.4,2018
BLAINE,OK,40011,0.0,2018
BRYAN,OK,40013,109.6,2018
CADDO,OK,40015,47.6,2018
CANADIAN,OK,40017,74.1,2018
CARTER,OK,40019,141.1,2018
CHEROKEE,OK,40021,97.2,2018
CHOCTAW,OK,40023,24.2,2018
CIMARRON,OK,40025,33.3,2018
CLEVELAND,OK,40027,69.0,2018
COAL,OK,40029,70.7,2018
COMANCHE,OK,40031,70.9,2018
CRAIG,OK,40035,83.9,2018
CREEK,OK,40037,87.1,2018
CUSTER,OK,40039,85.5,2018
DELAWARE,OK,40041,69.6,2018
DEWEY,OK,40043,8.3,2018
ELLIS,OK,40045,0.0,2018
GARFIELD,OK,40047,87.2,2018
GARVIN,OK,40049,40.6,2018
GRADY,OK,40051,50.0,2018
GRANT,OK,40053,21.7,2018
GREER,OK,40055,15.8,2018
HARMON,OK,40057,174.2,2018
HASKELL,OK,40061,87.6,2018
HUGHES,OK,40063,20.7,2018
JACKSON,OK,40065,91.3,2018
JOHNSTON,OK,40069,0.0,2018
KAY,OK,40071,76.4,2018
KINGFISHER,OK,40073,108.4,2018
KIOWA,OK,40075,29.9,2018
LATIMER,OK,40077,65.3,2018
LE FLORE,OK,40079,71.0,2018
LINCOLN,OK,40081,19.2,2018
LOGAN,OK,40083,32.6,2018
LOVE,OK,40085,69.4,2018
MAJOR,OK,40093,41.3,2018
MARSHALL,OK,40095,61.9,2018
MAYES,OK,40097,75.2,2018
MCCLAIN,OK,40087,109.9,2018
MCCURTAIN,OK,40089,57.0,2018
MCINTOSH,OK,40091,54.4,2018
MURRAY,OK,40099,121.7,2018
MUSKOGEE,OK,40101,112.0,2018
NOBLE,OK,40103,0.0,2018
NOWATA,OK,40105,46.3,2018
OKFUSKEE,OK,40107,0.0,2018
OKLAHOMA,OK,40109,84.6,2018
OKMULGEE,OK,40111,74.1,2018
OSAGE,OK,40113,8.6,2018
OTTAWA,OK,40115,73.4,2018
PAWNEE,OK,40117,77.7,2018
PAYNE,OK,40119,76.7,2018
PITTSBURG,OK,40121,126.8,2018
PONTOTOC,OK,40123,102.3,2018
POTTAWATOMIE,OK,40125,117.8,2018
PUSHMATAHA,OK,40127,38.4,2018
ROGERS,OK,40131,82.8,2018
SEMINOLE,OK,40133,61.4,2018
SEQUOYAH,OK,40135,31.7,2018
STEPHENS,OK,40137,127.8,2018
TEXAS,OK,40139,29.1,2018
TILLMAN,OK,40141,95.8,2018
TULSA,OK,40143,98.1,2018
WAGONER,OK,40145,49.4,2018
WASHINGTON,OK,40147,93.5,2018
WOODS,OK,40151,20.9,2018
WOODWARD,OK,40153,89.3,2018
BAKER,OR,41001,94.6,2018
BENTON,OR,41003,31.2,2018
CLACKAMAS,OR,41005,56.8,2018
CLATSOP,OR,41007,79.4,2018
COLUMBIA,OR,41009,55.9,2018
COOS,OR,41011,99.3,2018
CROOK,OR,41013,73.7,2018
CURRY,OR,41015,125.2,2018
DESCHUTES,OR,41017,67.4,2018
DOUGLAS,OR,41019,78.5,2018
GILLIAM,OR,41021,70.7,2018
GRANT,OR,41023,60.4,2018
HARNEY,OR,41025,79.9,2018
HOOD RIVER,OR,41027,70.4,2018
JACKSON,OR,41029,85.7,2018
JEFFERSON,OR,41031,43.7,2018
JOSEPHINE,OR,41033,94.8,2018
KLAMATH,OR,41035,56.2,2018
LAKE,OR,41037,67.1,2018
LANE,OR,41039,74.7,2018
LINCOLN,OR,41041,82.6,2018
LINN,OR,41043,77.6,2018
MALHEUR,OR,41045,118.5,2018
MARION,OR,41047,49.1,2018
MORROW,OR,41049,28.9,2018
MULTNOMAH,OR,41051,36.5,2018
POLK,OR,41053,42.3,2018
TILLAMOOK,OR,41057,83.8,2018
UMATILLA,OR,41059,64.8,2018
UNION,OR,41061,85.6,2018
WALLOWA,OR,41063,70.9,2018
WASCO,OR,41065,106.8,2018
WASHINGTON,OR,41067,38.5,2018
YAMHILL,OR,41071,51.7,2018
ADAMS,PA,42001,32.2,2018
ALLEGHENY,PA,42003,50.2,2018
ARMSTRONG,PA,42005,63.6,2018
BEAVER,PA,42007,55.3,2018
BEDFORD,PA,42009,42.9,2018
BERKS,PA,42011,42.7,2018
BLAIR,PA,42013,75.6,2018
BRADFORD,PA,42015,49.4,2018
BUCKS,PA,42017,51.9,2018
BUTLER,PA,42019,51.5,2018
CAMBRIA,PA,42021,74.2,2018
CAMERON,PA,42023,72.4,2018
CARBON,PA,42025,50.0,2018
CENTRE,PA,42027,34.6,2018
CHESTER,PA,42029,38.8,2018
CLARION,PA,42031,54.6,2018
CLEARFIELD,PA,42033,53.2,2018
CLINTON,PA,42035,57.4,2018
COLUMBIA,PA,42037,62.2,2018
CRAWFORD,PA,42039,58.1,2018
CUMBERLAND,PA,42041,48.1,2018
DAUPHIN,PA,42043,44.1,2018
DELAWARE,PA,42045,47.9,2018
ELK,PA,42047,59.7,2018
ERIE,PA,42049,58.3,2018
FAYETTE,PA,42051,98.9,2018
FOREST,PA,42053,35.6,2018
FRANKLIN,PA,42055,48.5,2018
FULTON,PA,42057,55.7,2018
GREENE,PA,42059,60.6,2018
HUNTINGDON,PA,42061,43.1,2018
INDIANA,PA,42063,47.2,2018
JEFFERSON,PA,42065,54.1,2018
JUNIATA,PA,42067,42.6,2018
LACKAWANNA,PA,42069,83.7,2018
LANCASTER,PA,42071,40.3,2018
LAWRENCE,PA,42073,65.1,2018
LEBANON,PA,42075,41.4,2018
LEHIGH,PA,42077,35.0,2018
LUZERNE,PA,42079,61.5,2018
LYCOMING,PA,42081,64.7,2018
MCKEAN,PA,42083,70.2,2018
MERCER,PA,42085,77.6,2018
MIFFLIN,PA,42087,55.9,2018
MONROE,PA,42089,56.7,2018
MONTGOMERY,PA,42091,43.7,2018
MONTOUR,PA,42093,59.0,2018
NORTHAMPTON,PA,42095,49.3,2018
NORTHUMBERLAND,PA,42097,67.3,2018
PERRY,PA,42099,43.1,2018
PHILADELPHIA,PA,42101,44.2,2018
PIKE,PA,42103,38.8,2018
POTTER,PA,42105,48.9,2018
SCHUYLKILL,PA,42107,59.8,2018
SNYDER,PA,42109,48.1,2018
SOMERSET,PA,42111,48.9,2018
SULLIVAN,PA,42113,30.4,2018
SUSQUEHANNA,PA,42115,42.5,2018
TIOGA,PA,42117,52.6,2018
UNION,PA,42119,42.8,2018
VENANGO,PA,42121,58.3,2018
WARREN,PA,42123,61.6,2018
WASHINGTON,PA,42125,52.7,2018
WAYNE,PA,42127,52.2,2018
WESTMORELAND,PA,42129,55.8,2018
WYOMING,PA,42131,50.2,2018
YORK,PA,42133,43.9,2018
BRISTOL,RI,44001,33.2,2018
KENT,RI,44003,54.4,2018
NEWPORT,RI,44005,43.4,2018
PROVIDENCE,RI,44007,40.0,2018
WASHINGTON,RI,44009,46.9,2018
ABBEVILLE,SC,45001,47.1,2018
AIKEN,SC,45003,67.0,2018
ALLENDALE,SC,45005,41.2,2018
ANDERSON,SC,45007,76.8,2018
BAMBERG,SC,45009,77.9,2018
BARNWELL,SC,45011,74.1,2018
BEAUFORT,SC,45013,54.0,2018
BERKELEY,SC,45015,46.7,2018
CALHOUN,SC,45017,7.9,2018
CHARLESTON,SC,45019,56.3,2018
CHEROKEE,SC,45021,93.0,2018
CHESTER,SC,45023,71.5,2018
CHESTERFIELD,SC,45025,68.9,2018
CLARENDON,SC,45027,68.7,2018
COLLETON,SC,45029,104.3,2018
DARLINGTON,SC,45031,127.4,2018
DILLON,SC,45033,97.0,2018
DORCHESTER,SC,45035,77.5,2018
EDGEFIELD,SC,45037,46.2,2018
FAIRFIELD,SC,45039,41.8,2018
FLORENCE,SC,45041,107.4,2018
GEORGETOWN,SC,45043,66.4,2018
GREENVILLE,SC,45045,69.3,2018
GREENWOOD,SC,45047,89.7,2018
HAMPTON,SC,45049,80.6,2018
HORRY,SC,45051,83.3,2018
JASPER,SC,45053,50.7,2018
KERSHAW,SC,45055,67.5,2018
LANCASTER,SC,45057,63.7,2018
LAURENS,SC,45059,69.2,2018
LEE,SC,45061,37.5,2018
LEXINGTON,SC,45063,72.4,2018
MARION,SC,45067,86.9,2018
MARLBORO,SC,45069,91.8,2018
MCCORMICK,SC,45065,0.0,2018
NEWBERRY,SC,45071,64.3,2018
OCONEE,SC,45073,94.0,2018
ORANGEBURG,SC,45075,69.7,2018
PICKENS,SC,45077,84.4,2018
RICHLAND,SC,45079,50.8,2018
SALUDA,SC,45081,35.2,2018
SPARTANBURG,SC,45083,82.4,2018
SUMTER,SC,45085,61.1,2018
UNION,SC,45087,86.9,2018
WILLIAMSBURG,SC,45089,63.2,2018
YORK,SC,45091,52.0,2018
BEADLE,SD,46005,54.1,2018
BON HOMME,SD,46009,0.0,2018
BROOKINGS,SD,46011,34.5,2018
BROWN,SD,46013,49.7,2018
BRULE,SD,46015,67.2,2018
BUTTE,SD,46017,109.2,2018
CHARLES MIX,SD,46023,37.0,2018
CLARK,SD,46025,19.9,2018
CLAY,SD,46027,40.1,2018
CODINGTON,SD,46029,56.2,2018
CUSTER,SD,46033,33.3,2018
DAVISON,SD,46035,66.6,2018
DOUGLAS,SD,46043,27.3,2018
EDMUNDS,SD,46045,49.5,2018
FALL RIVER,SD,46047,75.5,2018
GRANT,SD,46051,52.2,2018
GREGORY,SD,46053,65.1,2018
HAAKON,SD,46055,105.0,2018
HUGHES,SD,46065,67.1,2018
HUTCHINSON,SD,46067,68.1,2018
JERAULD,SD,46073,93.2,2018
KINGSBURY,SD,46077,40.0,2018
LAKE,SD,46079,31.2,2018
LAWRENCE,SD,46081,60.6,2018
LINCOLN,SD,46083,30.9,2018
LYMAN,SD,46085,10.0,2018
MARSHALL,SD,46091,29.4,2018
MCCOOK,SD,46087,25.9,2018
MCPHERSON,SD,46089,0.1,2018
MEADE,SD,46093,10.9,2018
MELLETTE,SD,46095,52.1,2018
MINER,SD,46097,24.9,2018
MINNEHAHA,SD,46099,50.1,2018
MOODY,SD,46101,26.5,2018
PENNINGTON,SD,46103,53.6,2018
PERKINS,SD,46105,46.7,2018
ROBERTS,SD,46109,36.4,2018
SPINK,SD,46115,0.1,2018
STANLEY,SD,46117,0.0,2018
TRIPP,SD,46123,62.9,2018
TURNER,SD,46125,31.0,2018
UNION,SD,46127,76.1,2018
WALWORTH,SD,46129,75.3,2018
YANKTON,SD,46135,78.3,2018
ANDERSON,TN,47001,109.5,2018
BEDFORD,TN,47003,80.8,2018
BENTON,TN,47005,94.4,2018
BLEDSOE,TN,47007,68.4,2018
BLOUNT,TN,47009,69.1,2018
BRADLEY,TN,47011,102.0,2018
CAMPBELL,TN,47013,145.7,2018
CANNON,TN,47015,63.1,2018
CARROLL,TN,47017,102.2,2018
CARTER,TN,47019,88.7,2018
CHEATHAM,TN,47021,82.9,2018
CHESTER,TN,47023,81.0,2018
CLAIBORNE,TN,47025,148.2,2018
CLAY,TN,47027,157.6,2018
COCKE,TN,47029,145.1,2018
COFFEE,TN,47031,138.3,2018
CROCKETT,TN,47033,55.2,2018
CUMBERLAND,TN,47035,102.2,2018
DAVIDSON,TN,47037,60.6,2018
DECATUR,TN,47039,122.2,2018
DEKALB,TN,47041,116.2,2018
DICKSON,TN,47043,97.7,2018
DYER,TN,47045,160.0,2018
FAYETTE,TN,47047,57.7,2018
FENTRESS,TN,47049,123.4,2018
FRANKLIN,TN,47051,92.3,2018
GIBSON,TN,47053,119.1,2018
GILES,TN,47055,99.8,2018
GRAINGER,TN,47057,71.4,2018
GREENE,TN,47059,96.3,2018
GRUNDY,TN,47061,155.4,2018
HAMBLEN,TN,47063,122.9,2018
HAMILTON,TN,47065,94.5,2018
HANCOCK,TN,47067,104.9,2018
HARDEMAN,TN,47069,89.3,2018
HARDIN,TN,47071,130.3,2018
HAWKINS,TN,47073,70.6,2018
HAYWOOD,TN,47075,63.0,2018
HENDERSON,TN,47077,102.0,2018
HENRY,TN,47079,141.7,2018
HICKMAN,TN,47081,54.1,2018
HOUSTON,TN,47083,110.4,2018
HUMPHREYS,TN,47085,96.0,2018
JACKSON,TN,47087,36.7,2018
JEFFERSON,TN,47089,90.0,2018
JOHNSON,TN,47091,76.9,2018
KNOX,TN,47093,73.1,2018
LAKE,TN,47095,64.5,2018
LAUDERDALE,TN,47097,98.4,2018
LAWRENCE,TN,47099,111.2,2018
LEWIS,TN,47101,116.7,2018
LINCOLN,TN,47103,84.9,2018
LOUDON,TN,47105,75.4,2018
MACON,TN,47111,87.6,2018
MADISON,TN,47113,99.5,2018
MARION,TN,47115,70.5,2018
MARSHALL,TN,47117,99.6,2018
MAURY,TN,47119,97.5,2018
MCMINN,TN,47107,113.6,2018
MCNAIRY,TN,47109,124.6,2018
MEIGS,TN,47121,35.0,2018
MONROE,TN,47123,122.5,2018
MONTGOMERY,TN,47125,68.5,2018
MOORE,TN,47127,6.2,2018
MORGAN,TN,47129,59.3,2018
OBION,TN,47131,94.1,2018
OVERTON,TN,47133,90.6,2018
PERRY,TN,47135,85.9,2018
PICKETT,TN,47137,89.1,2018
POLK,TN,47139,102.4,2018
PUTNAM,TN,47141,108.6,2018
RHEA,TN,47143,122.7,2018
ROANE,TN,47145,106.5,2018
ROBERTSON,TN,47147,103.8,2018
RUTHERFORD,TN,47149,70.8,2018
SCOTT,TN,47151,123.8,2018
SEQUATCHIE,TN,47153,125.1,2018
SEVIER,TN,47155,85.8,2018
SHELBY,TN,47157,54.7,2018
SMITH,TN,47159,95.4,2018
STEWART,TN,47161,49.3,2018
SULLIVAN,TN,47163,125.1,2018
SUMNER,TN,47165,70.2,2018
TIPTON,TN,47167,86.7,2018
TROUSDALE,TN,47169,111.3,2018
UNICOI,TN,47171,120.0,2018
UNION,TN,47173,61.2,2018
VAN BUREN,TN,47175,0.1,2018
WARREN,TN,47177,117.9,2018
WASHINGTON,TN,47179,84.1,2018
WAYNE,TN,47181,117.1,2018
WEAKLEY,TN,47183,105.9,2018
WHITE,TN,47185,101.4,2018
WILLIAMSON,TN,47187,44.4,2018
WILSON,TN,47189,69.3,2018
ANDERSON,TX,48001,54.3,2018
ANDREWS,TX,48003,48.7,2018
ANGELINA,TX,48005,80.7,2018
ARANSAS,TX,48007,74.8,2018
ATASCOSA,TX,48013,76.4,2018
AUSTIN,TX,48015,45.1,2018
BAILEY,TX,48017,65.5,2018
BANDERA,TX,48019,34.7,2018
BASTROP,TX,48021,63.1,2018
BAYLOR,TX,48023,60.1,2018
BEE,TX,48025,58.1,2018
BELL,TX,48027,42.6,2018
BEXAR,TX,48029,44.1,2018
BLANCO,TX,48031,13.7,2018
BOSQUE,TX,48035,34.3,2018
BOWIE,TX,48037,101.2,2018
BRAZORIA,TX,48039,52.9,2018
BRAZOS,TX,48041,42.2,2018
BREWSTER,TX,48043,64.1,2018
BROOKS,TX,48047,52.8,2018
BROWN,TX,48049,110.3,2018
BURLESON,TX,48051,45.4,2018
BURNET,TX,48053,71.0,2018
CALDWELL,TX,48055,38.2,2018
CALHOUN,TX,48057,88.8,2018
CALLAHAN,TX,48059,19.7,2018
CAMERON,TX,48061,22.6,2018
CAMP,TX,48063,52.9,2018
CARSON,TX,48065,0.1,2018
CASS,TX,48067,69.4,2018
CHAMBERS,TX,48071,29.8,2018
CHEROKEE,TX,48073,58.5,2018
CHILDRESS,TX,48075,129.0,2018
COLEMAN,TX,48083,62.7,2018
COLLIN,TX,48085,45.4,2018
COLORADO,TX,48089,39.5,2018
COMAL,TX,48091,62.0,2018
COMANCHE,TX,48093,67.9,2018
COOKE,TX,48097,76.3,2018
CORYELL,TX,48099,54.1,2018
CRANE,TX,48103,66.9,2018
CROCKETT,TX,48105,41.8,2018
CROSBY,TX,48107,0.0,2018
DALLAM,TX,48111,56.4,2018
DALLAS,TX,48113,40.3,2018
DAWSON,TX,48115,53.2,2018
DE WITT,TX,48123,42.9,2018
DEAF SMITH,TX,48117,31.0,2018
DENTON,TX,48121,47.9,2018
DIMMIT,TX,48127,74.3,2018
DONLEY,TX,48129,0.1,2018
DUVAL,TX,48131,4.2,2018
EASTLAND,TX,48133,70.3,2018
ECTOR,TX,48135,61.6,2018
EL PASO,TX,48141,30.6,2018
ELLIS,TX,48139,58.4,2018
ERATH,TX,48143,62.0,2018
FALLS,TX,48145,50.1,2018
FANNIN,TX,48147,49.8,2018
FAYETTE,TX,48149,56.0,2018
FISHER,TX,48151,0.1,2018
FOARD,TX,48155,30.9,2018
FORT BEND,TX,48157,32.1,2018
FRANKLIN,TX,48159,59.7,2018
FREESTONE,TX,48161,30.9,2018
FRIO,TX,48163,35.9,2018
GAINES,TX,48165,39.7,2018
GALVESTON,TX,48167,64.6,2018
GILLESPIE,TX,48171,68.8,2018
GOLIAD,TX,48175,18.1,2018
GONZALES,TX,48177,47.8,2018
GRAY,TX,48179,87.7,2018
GRAYSON,TX,48181,85.5,2018
GREGG,TX,48183,120.6,2018
GRIMES,TX,48185,20.8,2018
GUADALUPE,TX,48187,41.9,2018
HALE,TX,48189,56.0,2018
HAMILTON,TX,48193,41.1,2018
HARDEMAN,TX,48197,79.4,2018
HARDIN,TX,48199,86.3,2018
HARRIS,TX,48201,37.9,2018
HARRISON,TX,48203,60.3,2018
HAYS,TX,48209,46.1,2018
HENDERSON,TX,48213,69.2,2018
HIDALGO,TX,48215,22.7,2018
HILL,TX,48217,54.3,2018
HOCKLEY,TX,48219,67.6,2018
HOOD,TX,48221,99.8,2018
HOPKINS,TX,48223,77.0,2018
HOUSTON,TX,48225,40.9,2018
HOWARD,TX,48227,59.5,2018
HUNT,TX,48231,73.2,2018
HUTCHINSON,TX,48233,67.4,2018
JACK,TX,48237,0.0,2018
JACKSON,TX,48239,18.7,2018
JASPER,TX,48241,49.7,2018
JEFFERSON,TX,48245,71.0,2018
JIM HOGG,TX,48247,19.2,2018
JIM WELLS,TX,48249,72.4,2018
JOHNSON,TX,48251,76.1,2018
JONES,TX,48253,24.8,2018
KARNES,TX,48255,43.6,2018
KAUFMAN,TX,48257,65.5,2018
KENDALL,TX,48259,53.4,2018
KERR,TX,48265,74.8,2018
KIMBLE,TX,48267,50.4,2018
KINNEY,TX,48271,18.3,2018
KLEBERG,TX,48273,56.7,2018
LAMAR,TX,48277,129.5,2018
LAMB,TX,48279,0.0,2018
LAMPASAS,TX,48281,51.6,2018
LAVACA,TX,48285,46.4,2018
LEE,TX,48287,39.7,2018
LEON,TX,48289,36.1,2018
LIBERTY,TX,48291,76.2,2018
LIMESTONE,TX,48293,90.2,2018
LIVE OAK,TX,48297,10.3,2018
LLANO,TX,48299,52.9,2018
LUBBOCK,TX,48303,70.1,2018
LYNN,TX,48305,0.0,2018
MADISON,TX,48313,63.0,2018
MARION,TX,48315,0.0,2018
MARTIN,TX,48317,33.8,2018
MASON,TX,48319,41.7,2018
MATAGORDA,TX,48321,60.6,2018
MAVERICK,TX,48323,25.1,2018
MCCULLOCH,TX,48307,38.3,2018
MCLENNAN,TX,48309,63.2,2018
MEDINA,TX,48325,36.4,2018
MIDLAND,TX,48329,47.1,2018
MILAM,TX,48331,54.8,2018
MITCHELL,TX,48335,46.3,2018
MONTAGUE,TX,48337,68.5,2018
MONTGOMERY,TX,48339,50.6,2018
MOORE,TX,48341,51.8,2018
MORRIS,TX,48343,73.9,2018
NACOGDOCHES,TX,48347,73.2,2018
NAVARRO,TX,48349,61.2,2018
NEWTON,TX,48351,20.5,2018
NOLAN,TX,48353,65.7,2018
NUECES,TX,48355,64.0,2018
OCHILTREE,TX,48357,48.9,2018
ORANGE,TX,48361,88.6,2018
PALO PINTO,TX,48363,86.8,2018
PANOLA,TX,48365,72.1,2018
PARKER,TX,48367,57.9,2018
PARMER,TX,48369,0.0,2018
PECOS,TX,48371,33.5,2018
POLK,TX,48373,84.3,2018
POTTER,TX,48375,65.1,2018
PRESIDIO,TX,48377,6.3,2018
RAINS,TX,48379,54.3,2018
RANDALL,TX,48381,62.7,2018
REAGAN,TX,48383,21.0,2018
RED RIVER,TX,48387,55.1,2018
REEVES,TX,48389,54.6,2018
REFUGIO,TX,48391,0.0,2018
ROBERTSON,TX,48395,21.7,2018
ROCKWALL,TX,48397,63.3,2018
RUNNELS,TX,48399,58.5,2018
RUSK,TX,48401,43.2,2018
SABINE,TX,48403,33.9,2018
SAN AUGUSTINE,TX,48405,65.8,2018
SAN JACINTO,TX,48407,20.0,2018
SAN PATRICIO,TX,48409,71.5,2018
SAN SABA,TX,48411,0.6,2018
SCURRY,TX,48415,73.0,2018
SHELBY,TX,48419,58.4,2018
SMITH,TX,48423,73.2,2018
SOMERVELL,TX,48425,0.0,2018
STARR,TX,48427,29.3,2018
STEPHENS,TX,48429,83.1,2018
SUTTON,TX,48435,0.1,2018
TARRANT,TX,48439,53.7,2018
TAYLOR,TX,48441,89.0,2018
TERRY,TX,48445,69.0,2018
TITUS,TX,48449,69.7,2018
TOM GREEN,TX,48451,66.3,2018
TRAVIS,TX,48453,39.5,2018
TRINITY,TX,48455,43.4,2018
TYLER,TX,48457,48.6,2018
UPSHUR,TX,48459,17.0,2018
UPTON,TX,48461,0.1,2018
UVALDE,TX,48463,63.1,2018
VAL VERDE,TX,48465,32.5,2018
VAN ZANDT,TX,48467,64.3,2018
VICTORIA,TX,48469,84.5,2018
WALKER,TX,48471,55.0,2018
WALLER,TX,48473,9.8,2018
WARD,TX,48475,46.3,2018
WASHINGTON,TX,48477,65.1,2018
WEBB,TX,48479,21.3,2018
WHARTON,TX,48481,57.1,2018
WHEELER,TX,48483,20.0,2018
WICHITA,TX,48485,89.6,2018
WILBARGER,TX,48487,122.0,2018
WILLACY,TX,48489,31.8,2018
WILLIAMSON,TX,48491,50.5,2018
WILSON,TX,48493,50.7,2018
WINKLER,TX,48495,44.1,2018
WISE,TX,48497,57.1,2018
WOOD,TX,48499,81.1,2018
YOAKUM,TX,48501,0.1,2018
YOUNG,TX,48503,88.9,2018
ZAPATA,TX,48505,17.7,2018
ZAVALA,TX,48507,0.0,2018
BEAVER,UT,49001,75.7,2018
BOX ELDER,UT,49003,66.6,2018
CACHE,UT,49005,44.6,2018
CARBON,UT,49007,147.2,2018
DAVIS,UT,49011,57.0,2018
DUCHESNE,UT,49013,56.9,2018
EMERY,UT,49015,78.3,2018
GARFIELD,UT,49017,70.2,2018
GRAND,UT,49019,73.3,2018
IRON,UT,49021,81.2,2018
JUAB,UT,49023,71.3,2018
KANE,UT,49025,93.2,2018
MILLARD,UT,49027,55.6,2018
MORGAN,UT,49029,32.8,2018
RICH,UT,49033,28.1,2018
SALT LAKE,UT,49035,55.6,2018
SAN JUAN,UT,49037,14.2,2018
SANPETE,UT,49039,78.0,2018
SEVIER,UT,49041,99.8,2018
SUMMIT,UT,49043,44.6,2018
TOOELE,UT,49045,52.8,2018
UINTAH,UT,49047,51.4,2018
UTAH,UT,49049,47.4,2018
WASATCH,UT,49051,51.2,2018
WASHINGTON,UT,49053,72.8,2018
WEBER,UT,49057,69.8,2018
ACCOMACK,VA,51001,33.9,2018
ALBEMARLE,VA,51003,40.3,2018
ALEXANDRIA CITY,VA,51510,24.1,2018
ALLEGHANY,VA,51005,66.3,2018
AMELIA,VA,51007,29.8,2018
AMHERST,VA,51009,56.8,2018
APPOMATTOX,VA,51011,86.0,2018
ARLINGTON,VA,51013,18.1,2018
AUGUSTA,VA,51015,11.9,2018
BEDFORD,VA,51019,32.8,2018
BLAND,VA,51021,42.9,2018
BOTETOURT,VA,51023,31.5,2018
BRISTOL CITY,VA,51520,148.2,2018
BRUNSWICK,VA,51025,12.6,2018
BUCHANAN,VA,51027,113.6,2018
BUCKINGHAM,VA,51029,0.0,2018
BUENA VISTA CITY,VA,51530,78.8,2018
CAMPBELL,VA,51031,28.2,2018
CAROLINE,VA,51033,28.7,2018
CARROLL,VA,51035,33.0,2018
CHARLOTTE,VA,51037,26.2,2018
CHARLOTTESVILLE CITY,VA,51540,35.3,2018
CHESAPEAKE CITY,VA,51550,48.1,2018
CHESTERFIELD,VA,51041,45.6,2018
CLARKE,VA,51043,24.0,2018
COLONIAL HEIGHTS CITY,VA,51570,145.5,2018
COVINGTON CITY,VA,51580,177.8,2018
CRAIG,VA,51045,0.0,2018
CULPEPER,VA,51047,46.5,2018
CUMBERLAND,VA,51049,18.2,2018
DANVILLE CITY,VA,51590,134.4,2018
DICKENSON,VA,51051,131.5,2018
DINWIDDIE,VA,51053,0.7,2018
EMPORIA CITY,VA,51595,183.4,2018
ESSEX,VA,51057,69.2,2018
FAIRFAX,VA,51059,21.8,2018
FAIRFAX CITY,VA,51600,62.4,2018
FALLS CHURCH CITY,VA,51610,42.6,2018
FAUQUIER,VA,51061,51.1,2018
FLOYD,VA,51063,27.7,2018
FLUVANNA,VA,51065,24.4,2018
FRANKLIN,VA,51067,59.6,2018
FRANKLIN CITY,VA,51620,204.6,2018
FREDERICK,VA,51069,43.9,2018
FREDERICKSBURG CITY,VA,51630,106.0,2018
GALAX CITY,VA,51640,301.3,2018
GILES,VA,51071,84.9,2018
GLOUCESTER,VA,51073,71.9,2018
GOOCHLAND,VA,51075,1.3,2018
GRAYSON,VA,51077,17.3,2018
GREENE,VA,51079,54.2,2018
HALIFAX,VA,51083,57.5,2018
HAMPTON CITY,VA,51650,49.7,2018
HANOVER,VA,51085,57.9,2018
HARRISONBURG CITY,VA,51660,87.7,2018
HENRICO,VA,51087,46.1,2018
HENRY,VA,51089,54.2,2018
HOPEWELL CITY,VA,51670,136.4,2018
ISLE OF WIGHT,VA,51093,56.4,2018
JAMES CITY,VA,51095,69.7,2018
KING GEORGE,VA,51099,39.8,2018
KING WILLIAM,VA,51101,22.8,2018
LANCASTER,VA,51103,98.7,2018
LEE,VA,51105,112.5,2018
LEXINGTON CITY,VA,51678,191.3,2018
LOUDOUN,VA,51107,27.2,2018
LOUISA,VA,51109,35.3,2018
LUNENBURG,VA,51111,0.0,2018
LYNCHBURG CITY,VA,51680,79.1,2018
MANASSAS CITY,VA,51683,79.1,2018
MARTINSVILLE CITY,VA,51690,293.5,2018
MATHEWS,VA,51115,45.9,2018
MECKLENBURG,VA,51117,69.2,2018
MIDDLESEX,VA,51119,0.1,2018
MONTGOMERY,VA,51121,46.1,2018
NELSON,VA,51125,14.4,2018
NEW KENT,VA,51127,35.7,2018
NEWPORT NEWS CITY,VA,51700,40.7,2018
NORFOLK CITY,VA,51710,43.9,2018
NORTHAMPTON,VA,51131,92.4,2018
NORTHUMBERLAND,VA,51133,19.0,2018
NORTON CITY,VA,51720,311.3,2018
NOTTOWAY,VA,51135,52.4,2018
ORANGE,VA,51137,61.8,2018
PAGE,VA,51139,68.5,2018
PATRICK,VA,51141,48.1,2018
PETERSBURG CITY,VA,51730,104.9,2018
PITTSYLVANIA,VA,51143,13.7,2018
POQUOSON CITY,VA,51735,62.6,2018
PORTSMOUTH CITY,VA,51740,69.8,2018
POWHATAN,VA,51145,37.9,2018
PRINCE EDWARD,VA,51147,72.2,2018
PRINCE WILLIAM,VA,51153,28.3,2018
PULASKI,VA,51155,97.3,2018
RADFORD CITY,VA,51750,70.5,2018
RICHMOND,VA,51159,29.5,2018
RICHMOND CITY,VA,51760,32.1,2018
ROANOKE,VA,51161,67.3,2018
ROANOKE CITY,VA,51770,70.6,2018
ROCKBRIDGE,VA,51163,2.8,2018
ROCKINGHAM,VA,51165,21.2,2018
RUSSELL,VA,51167,90.5,2018
SALEM CITY,VA,51775,156.7,2018
SCOTT,VA,51169,123.2,2018
SHENANDOAH,VA,51171,42.2,2018
SMYTH,VA,51173,83.9,2018
SPOTSYLVANIA,VA,51177,48.0,2018
STAFFORD,VA,51179,36.4,2018
STAUNTON CITY,VA,51790,120.9,2018
SUFFOLK CITY,VA,51800,64.2,2018
SUSSEX,VA,51183,10.2,2018
TAZEWELL,VA,51185,132.2,2018
VIRGINIA BEACH CITY,VA,51810,45.3,2018
WARREN,VA,51187,65.0,2018
WASHINGTON,VA,51191,74.4,2018
WAYNESBORO CITY,VA,51820,138.0,2018
WESTMORELAND,VA,51193,29.8,2018
WINCHESTER CITY,VA,51840,123.4,2018
WISE,VA,51195,140.9,2018
WYTHE,VA,51197,78.8,2018
YORK,VA,51199,35.2,2018
ADDISON,VT,50001,36.8,2018
BENNINGTON,VT,50003,52.4,2018
CALEDONIA,VT,50005,45.1,2018
CHITTENDEN,VT,50007,35.2,2018
FRANKLIN,VT,50011,68.8,2018
GRAND ISLE,VT,50013,12.9,2018
LAMOILLE,VT,50015,50.7,2018
ORANGE,VT,50017,24.9,2018
ORLEANS,VT,50019,53.8,2018
RUTLAND,VT,50021,52.2,2018
WASHINGTON,VT,50023,44.8,2018
WINDHAM,VT,50025,50.5,2018
WINDSOR,VT,50027,25.7,2018
ADAMS,WA,53001,21.7,2018
ASOTIN,WA,53003,122.9,2018
BENTON,WA,53005,73.8,2018
CHELAN,WA,53007,61.5,2018
CLALLAM,WA,53009,83.4,2018
CLARK,WA,53011,46.7,2018
COLUMBIA,WA,53013,97.7,2018
COWLITZ,WA,53015,65.4,2018
DOUGLAS,WA,53017,52.3,2018
FERRY,WA,53019,55.9,2018
FRANKLIN,WA,53021,46.4,2018
GARFIELD,WA,53023,100.1,2018
GRANT,WA,53025,55.6,2018
GRAYS HARBOR,WA,53027,79.0,2018
ISLAND,WA,53029,36.2,2018
JEFFERSON,WA,53031,70.0,2018
KING,WA,53033,35.8,2018
KITSAP,WA,53035,48.4,2018
KITTITAS,WA,53037,37.7,2018
KLICKITAT,WA,53039,22.0,2018
LEWIS,WA,53041,70.1,2018
LINCOLN,WA,53043,68.1,2018
MASON,WA,53045,66.8,2018
OKANOGAN,WA,53047,52.4,2018
PACIFIC,WA,53049,25.5,2018
PEND OREILLE,WA,53051,87.4,2018
PIERCE,WA,53053,49.8,2018
SAN JUAN,WA,53055,52.2,2018
SKAGIT,WA,53057,66.0,2018
SKAMANIA,WA,53059,0.0,2018
SNOHOMISH,WA,53061,51.7,2018
SPOKANE,WA,53063,68.5,2018
STEVENS,WA,53065,63.1,2018
THURSTON,WA,53067,47.6,2018
WALLA WALLA,WA,53071,62.7,2018
WHATCOM,WA,53073,55.5,2018
WHITMAN,WA,53075,41.2,2018
YAKIMA,WA,53077,50.3,2018
ADAMS,WI,55001,29.5,2018
ASHLAND,WI,55003,71.8,2018
BARRON,WI,55005,54.8,2018
BROWN,WI,55009,49.0,2018
BUFFALO,WI,55011,0.0,2018
BURNETT,WI,55013,58.8,2018
CALUMET,WI,55015,16.8,2018
CHIPPEWA,WI,55017,43.8,2018
CLARK,WI,55019,25.3,2018
COLUMBIA,WI,55021,69.4,2018
CRAWFORD,WI,55023,58.9,2018
DANE,WI,55025,37.9,2018
DODGE,WI,55027,33.7,2018
DOOR,WI,55029,52.7,2018
DOUGLAS,WI,55031,42.0,2018
DUNN,WI,55033,29.2,2018
EAU CLAIRE,WI,55035,43.4,2018
FOND DU LAC,WI,55039,43.0,2018
FOREST,WI,55041,38.5,2018
GRANT,WI,55043,37.5,2018
GREEN,WI,55045,43.1,2018
GREEN LAKE,WI,55047,46.6,2018
IOWA,WI,55049,35.4,2018
IRON,WI,55051,70.1,2018
JACKSON,WI,55053,17.3,2018
JEFFERSON,WI,55055,47.8,2018
JUNEAU,WI,55057,82.3,2018
KENOSHA,WI,55059,47.3,2018
KEWAUNEE,WI,55061,14.7,2018
LA CROSSE,WI,55063,50.2,2018
LAFAYETTE,WI,55065,4.8,2018
LANGLADE,WI,55067,72.0,2018
LINCOLN,WI,55069,56.8,2018
MANITOWOC,WI,55071,46.9,2018
MARATHON,WI,55073,39.2,2018
MARINETTE,WI,55075,60.3,2018
MARQUETTE,WI,55077,22.8,2018
MILWAUKEE,WI,55079,53.4,2018
MONROE,WI,55081,51.3,2018
OCONTO,WI,55083,25.1,2018
ONEIDA,WI,55085,61.9,2018
OUTAGAMIE,WI,55087,45.6,2018
OZAUKEE,WI,55089,46.5,2018
PEPIN,WI,55091,46.8,2018
PIERCE,WI,55093,24.5,2018
POLK,WI,55095,49.5,2018
PORTAGE,WI,55097,40.5,2018
PRICE,WI,55099,47.4,2018
RACINE,WI,55101,54.9,2018
RICHLAND,WI,55103,34.7,2018
ROCK,WI,55105,55.9,2018
RUSK,WI,55107,23.2,2018
SAINT CROIX,WI,55109,28.4,2018
SAUK,WI,55111,49.4,2018
SAWYER,WI,55113,72.9,2018
SHAWANO,WI,55115,34.2,2018
SHEBOYGAN,WI,55117,43.9,2018
TAYLOR,WI,55119,14.4,2018
TREMPEALEAU,WI,55121,10.2,2018
VERNON,WI,55123,34.2,2018
VILAS,WI,55125,42.3,2018
WALWORTH,WI,55127,45.4,2018
WASHBURN,WI,55129,22.5,2018
WASHINGTON,WI,55131,48.2,2018
WAUKESHA,WI,55133,51.1,2018
WAUPACA,WI,55135,63.4,2018
WAUSHARA,WI,55137,25.4,2018
WINNEBAGO,WI,55139,44.6,2018
WOOD,WI,55141,52.5,2018
BARBOUR,WV,54001,48.3,2018
BERKELEY,WV,54003,72.7,2018
BOONE,WV,54005,105.0,2018
BRAXTON,WV,54007,70.3,2018
BROOKE,WV,54009,65.6,2018
CABELL,WV,54011,92.1,2018
CALHOUN,WV,54013,31.3,2018
CLAY,WV,54015,45.2,2018
DODDRIDGE,WV,54017,23.1,2018
FAYETTE,WV,54019,53.7,2018
GILMER,WV,54021,41.8,2018
GRANT,WV,54023,67.3,2018
GREENBRIER,WV,54025,77.7,2018
HAMPSHIRE,WV,54027,53.7,2018
HANCOCK,WV,54029,111.1,2018
HARDY,WV,54031,62.5,2018
HARRISON,WV,54033,79.9,2018
JACKSON,WV,54035,57.7,2018
JEFFERSON,WV,54037,64.0,2018
KANAWHA,WV,54039,79.0,2018
LEWIS,WV,54041,66.7,2018
LINCOLN,WV,54043,33.9,2018
LOGAN,WV,54045,146.4,2018
MARION,WV,54049,59.7,2018
MARSHALL,WV,54051,91.2,2018
MASON,WV,54053,57.3,2018
MCDOWELL,WV,54047,73.2,2018
MERCER,WV,54055,85.5,2018
MINERAL,WV,54057,69.5,2018
MINGO,WV,54059,48.7,2018
MONONGALIA,WV,54061,38.0,2018
MONROE,WV,54063,18.3,2018
MORGAN,WV,54065,61.7,2018
NICHOLAS,WV,54067,106.6,2018
OHIO,WV,54069,55.6,2018
PENDLETON,WV,54071,42.7,2018
PLEASANTS,WV,54073,80.3,2018
POCAHONTAS,WV,54075,46.4,2018
PRESTON,WV,54077,51.1,2018
PUTNAM,WV,54079,66.6,2018
RALEIGH,WV,54081,66.3,2018
RANDOLPH,WV,54083,75.3,2018
RITCHIE,WV,54085,50.6,2018
ROANE,WV,54087,73.9,2018
SUMMERS,WV,54089,79.6,2018
TAYLOR,WV,54091,51.6,2018
TUCKER,WV,54093,42.4,2018
TYLER,WV,54095,38.2,2018
UPSHUR,WV,54097,43.5,2018
WAYNE,WV,54099,60.3,2018
WEBSTER,WV,54101,49.0,2018
WETZEL,WV,54103,66.3,2018
WIRT,WV,54105,33.3,2018
WOOD,WV,54107,76.4,2018
WYOMING,WV,54109,88.9,2018
ALBANY,WY,56001,37.5,2018
BIG HORN,WY,56003,46.8,2018
CAMPBELL,WY,56005,56.0,2018
CARBON,WY,56007,50.2,2018
CONVERSE,WY,56009,58.0,2018
FREMONT,WY,56013,59.2,2018
GOSHEN,WY,56015,29.5,2018
HOT SPRINGS,WY,56017,97.1,2018
JOHNSON,WY,56019,55.2,2018
LARAMIE,WY,56021,56.0,2018
LINCOLN,WY,56023,58.5,2018
NATRONA,WY,56025,64.6,2018
NIOBRARA,WY,56027,0.0,2018
PARK,WY,56029,72.8,2018
PLATTE,WY,56031,51.6,2018
SHERIDAN,WY,56033,37.2,2018
SUBLETTE,WY,56035,55.8,2018
SWEETWATER,WY,56037,79.2,2018
TETON,WY,56039,42.6,2018
UINTA,WY,56041,95.9,2018
WASHAKIE,WY,56043,75.0,2018
WESTON,WY,56045,35.2,2018
